-- phpMyAdmin SQL Dump
-- version 5.2.3
-- https://www.phpmyadmin.net/
--
-- Host: localhost:3306
-- Generation Time: Apr 14, 2026 at 12:10 AM
-- Server version: 10.6.23-MariaDB-0ubuntu0.22.04.1
-- PHP Version: 8.4.17

SET SQL_MODE = "NO_AUTO_VALUE_ON_ZERO";
START TRANSACTION;
SET time_zone = "+00:00";


/*!40101 SET @OLD_CHARACTER_SET_CLIENT=@@CHARACTER_SET_CLIENT */;
/*!40101 SET @OLD_CHARACTER_SET_RESULTS=@@CHARACTER_SET_RESULTS */;
/*!40101 SET @OLD_COLLATION_CONNECTION=@@COLLATION_CONNECTION */;
/*!40101 SET NAMES utf8mb4 */;

--
-- Database: `lacallec_main`
--

-- --------------------------------------------------------

--
-- Table structure for table `adjuntos`
--

CREATE TABLE `adjuntos` (
  `id` int(11) NOT NULL,
  `tipo_entidad` enum('tema','respuesta') NOT NULL,
  `entidad_id` int(11) NOT NULL,
  `nombre_original` varchar(255) NOT NULL,
  `nombre_archivo` varchar(255) NOT NULL,
  `extension` varchar(10) DEFAULT NULL,
  `mime_type` varchar(100) DEFAULT NULL,
  `tamano` int(11) DEFAULT NULL,
  `orden` int(11) DEFAULT 0,
  `fecha` datetime DEFAULT current_timestamp(),
  `subido_por` int(11) DEFAULT NULL,
  `estado` tinyint(4) DEFAULT 1
) ENGINE=InnoDB DEFAULT CHARSET=utf8mb3 COLLATE=utf8mb3_general_ci;

--
-- Dumping data for table `adjuntos`
--

INSERT INTO `adjuntos` (`id`, `tipo_entidad`, `entidad_id`, `nombre_original`, `nombre_archivo`, `extension`, `mime_type`, `tamano`, `orden`, `fecha`, `subido_por`, `estado`) VALUES
(49, 'respuesta', 7, 'Screenshot_20260210_103000_Google.jpg', '799b4b574048813eb2049454b8004f83.jpg', 'jpg', 'image/jpeg', 1014653, 0, '2026-02-10 16:46:12', 46, 1),
(50, 'respuesta', 19, 'rancho22.jpeg', 'da3a01f767d293eb937fde581c3bbaad.jpg', 'jpg', 'image/jpeg', 493984, 0, '2026-02-11 20:37:01', 1, 1),
(51, 'respuesta', 19, 'rancho2.jpeg', '120904f0fb86d4d9e27bb2fbc9873fc4.jpg', 'jpg', 'image/jpeg', 467705, 1, '2026-02-11 20:37:01', 1, 1),
(52, 'tema', 16, 'Screenshot_20260212_002726_M365 Copilot.jpg', '2d88577247ad9dedc098e504341f2cbb.jpg', 'jpg', 'image/jpeg', 118345, 0, '2026-02-12 06:29:43', 53, 1),
(53, 'respuesta', 20, 'Screenshot_20260212_002726_M365 Copilot.jpg', 'f83138cdb6c4b14f7df041bd5e143860.jpg', 'jpg', 'image/jpeg', 118345, 0, '2026-02-12 06:31:14', 53, 1),
(54, 'tema', 17, 'Paleta de Colores Condominio Valle Verde.pdf', '084a819e7321a438cf58f2ba2ae29d6b.pdf', 'pdf', 'application/pdf', 805512, 0, '2026-02-12 06:49:36', 53, 1),
(55, 'tema', 18, 'Imagen 4.png', '4a8b30d3969623763927645015d1d729.png', 'png', 'image/png', 508801, 0, '2026-02-13 22:03:11', 63, 1),
(56, 'tema', 18, 'Imagen 3.png', 'a533a484b7e24e0c5af7e1d88b90a10d.png', 'png', 'image/png', 1187924, 1, '2026-02-13 22:03:11', 63, 1),
(57, 'tema', 18, 'Imagen 2.png', '779bd35e31ed123eead4c73a942231bc.png', 'png', 'image/png', 596048, 2, '2026-02-13 22:03:11', 63, 1),
(58, 'tema', 18, 'Imagen 1.png', '7b1c74c498355515d6c514e8ed3c0e4b.png', 'png', 'image/png', 357197, 3, '2026-02-13 22:03:11', 63, 1),
(59, 'respuesta', 24, 'Imagen.png', '9dfce0fcd8c6e25dbc9b0b2890b5cbfa.png', 'png', 'image/png', 120446, 0, '2026-02-13 22:14:07', 63, 1);

-- --------------------------------------------------------

--
-- Table structure for table `adjuntos_servicios`
--

CREATE TABLE `adjuntos_servicios` (
  `id` int(11) NOT NULL,
  `tipo_entidad` enum('tema','respuesta') NOT NULL,
  `entidad_id` int(11) NOT NULL,
  `nombre_original` varchar(255) NOT NULL,
  `nombre_archivo` varchar(255) NOT NULL,
  `extension` varchar(10) DEFAULT NULL,
  `mime_type` varchar(100) DEFAULT NULL,
  `tamano` int(11) DEFAULT NULL,
  `orden` int(11) DEFAULT 0,
  `fecha` datetime DEFAULT current_timestamp(),
  `subido_por` int(11) DEFAULT NULL,
  `estado` tinyint(4) DEFAULT 1
) ENGINE=InnoDB DEFAULT CHARSET=utf8mb3 COLLATE=utf8mb3_general_ci;

-- --------------------------------------------------------

--
-- Table structure for table `categorias`
--

CREATE TABLE `categorias` (
  `id` int(11) NOT NULL,
  `nombre` varchar(100) NOT NULL,
  `detalle` text NOT NULL
) ENGINE=InnoDB DEFAULT CHARSET=utf8mb3 COLLATE=utf8mb3_general_ci;

--
-- Dumping data for table `categorias`
--

INSERT INTO `categorias` (`id`, `nombre`, `detalle`) VALUES
(0, 'Otro', 'Otro'),
(1, 'Seguridad', 'Seguridad del Condominio'),
(2, 'Rancho', ''),
(3, 'Piscina', ''),
(4, 'Sitio Web', ''),
(5, 'Actividades', 'Actividades'),
(6, 'Encuestas', 'Encuestas');

-- --------------------------------------------------------

--
-- Table structure for table `categorias_servicios`
--

CREATE TABLE `categorias_servicios` (
  `id` int(11) NOT NULL,
  `nombre` varchar(100) NOT NULL
) ENGINE=InnoDB DEFAULT CHARSET=utf8mb3 COLLATE=utf8mb3_general_ci;

--
-- Dumping data for table `categorias_servicios`
--

INSERT INTO `categorias_servicios` (`id`, `nombre`) VALUES
(1, 'Clases Idioma'),
(2, 'Cortar Zacate'),
(3, 'Lavar Carros'),
(4, 'Grooming Perros'),
(5, 'Venta Reposteria'),
(6, 'Servicios Ingenieria'),
(7, 'Arquitectura'),
(9, 'Decoracion'),
(10, 'ELECTRICISTA'),
(11, 'Repara Goteras');

-- --------------------------------------------------------

--
-- Table structure for table `encuesta`
--

CREATE TABLE `encuesta` (
  `id` int(11) NOT NULL,
  `titulo` varchar(1000) NOT NULL,
  `detalle` text NOT NULL,
  `fecha` datetime NOT NULL,
  `creador` int(11) NOT NULL,
  `estado` varchar(20) NOT NULL
) ENGINE=InnoDB DEFAULT CHARSET=utf8mb3 COLLATE=utf8mb3_general_ci;

--
-- Dumping data for table `encuesta`
--

INSERT INTO `encuesta` (`id`, `titulo`, `detalle`, `fecha`, `creador`, `estado`) VALUES
(1, 'Por favor califique, del 0 al 100, su nivel de satisfacción general con la gestión administrativa del condominio.', 'INSTRUCCIONES SI ESTA COMTEMTP pPKGA 5 o las 5 estrellas... podemos poner que pnga una calificacion del 1 al 100.  ', '2026-02-10 13:29:36', 0, '1'),
(2, 'Indique, del 0 al 100, qué tan satisfecho(a) se encuentra con el servicio de seguridad actual.', 'Mueva la barra del 0 al 100%', '2026-02-09 19:33:02', 0, '1');

-- --------------------------------------------------------

--
-- Table structure for table `logs`
--

CREATE TABLE `logs` (
  `id` int(11) NOT NULL,
  `user` int(11) NOT NULL,
  `ip` varchar(25) NOT NULL,
  `date` datetime NOT NULL,
  `data` text NOT NULL
) ENGINE=InnoDB DEFAULT CHARSET=utf8mb3 COLLATE=utf8mb3_general_ci;

--
-- Dumping data for table `logs`
--

INSERT INTO `logs` (`id`, `user`, `ip`, `date`, `data`) VALUES
(386, 1, '177.93.3.68', '2026-02-09 15:25:35', 'Login Succesfully 83'),
(387, 0, '201.191.198.102', '2026-02-09 15:29:45', 'Failure Login 90'),
(388, 0, '201.191.198.102', '2026-02-09 15:29:54', 'Failure Login 90'),
(389, 0, '201.191.198.102', '2026-02-09 15:29:55', 'Failure Login 90'),
(390, 0, '186.15.134.176', '2026-02-09 15:30:29', 'Failure Login 87'),
(391, 0, '190.52.111.2', '2026-02-09 15:31:27', 'Failure Login '),
(392, 0, '190.52.111.2', '2026-02-09 15:31:33', 'Failure Login 68'),
(393, 0, '201.197.152.2', '2026-02-09 15:31:40', 'Failure Login 68'),
(394, 0, '177.93.3.123', '2026-02-09 15:34:30', 'Failure Login 13'),
(395, 0, '177.93.3.123', '2026-02-09 15:34:41', 'Failure Login 13'),
(396, 0, '179.60.174.103', '2026-02-09 15:42:46', 'Failure Login '),
(397, 42, '177.93.3.48', '2026-02-09 15:47:05', 'Login Succesfully 42'),
(398, 0, '177.93.3.120', '2026-02-09 15:50:00', 'Failure Login 101'),
(399, 0, '177.93.3.120', '2026-02-09 15:50:00', 'Failure Login 101'),
(400, 0, '177.93.3.120', '2026-02-09 15:50:00', 'Failure Login 101'),
(401, 0, '177.93.3.120', '2026-02-09 16:04:29', 'Failure Login '),
(402, 0, '177.93.3.120', '2026-02-09 16:04:31', 'Failure Login '),
(403, 61, '177.93.3.120', '2026-02-09 16:04:35', 'Login Succesfully 101'),
(404, 0, '186.151.104.220', '2026-02-09 16:07:33', 'Failure Login 95'),
(405, 0, '186.151.104.220', '2026-02-09 16:07:40', 'Failure Login 95'),
(406, 0, '201.191.198.21', '2026-02-09 16:20:36', 'Failure Login '),
(407, 53, '177.93.3.68', '2026-02-09 16:23:07', 'Login Succesfully 16'),
(408, 0, '177.93.3.62', '2026-02-09 16:27:57', 'Failure Login 123'),
(409, 1, '177.93.3.68', '2026-02-09 16:35:18', 'Login Succesfully 83'),
(410, 1, '177.93.3.68', '2026-02-09 16:44:01', 'Login Succesfully 83'),
(411, 0, '179.60.174.103', '2026-02-09 16:46:49', 'Failure Login 33'),
(412, 0, '179.60.174.103', '2026-02-09 16:46:58', 'Failure Login 33'),
(413, 0, '177.93.3.68', '2026-02-09 16:57:52', 'Failure Login 22'),
(414, 1, '177.93.3.68', '2026-02-09 17:22:25', 'Login Succesfully 83'),
(415, 58, '177.93.3.92', '2026-02-09 17:24:20', 'Login Succesfully 95'),
(416, 1, '177.93.3.68', '2026-02-09 17:26:23', 'Login Succesfully 83'),
(417, 0, '201.201.215.184', '2026-02-09 17:35:21', 'Failure Login 61'),
(418, 21, '201.201.215.184', '2026-02-09 17:35:29', 'Login Succesfully 61'),
(419, 1, '177.93.3.68', '2026-02-09 17:57:32', 'Login Succesfully 83'),
(420, 1, '177.93.3.68', '2026-02-09 18:23:11', 'Login Succesfully 83'),
(421, 53, '186.64.174.174', '2026-02-09 18:33:39', 'Login Succesfully 16'),
(422, 1, '177.93.3.68', '2026-02-09 20:25:48', 'Login Succesfully 83'),
(423, 53, '186.64.174.174', '2026-02-09 20:37:53', 'Login Succesfully 16'),
(424, 21, '104.28.94.54', '2026-02-09 20:43:50', 'Login Succesfully 61'),
(425, 1, '177.93.3.68', '2026-02-09 21:08:55', 'Login Succesfully 83'),
(426, 0, '177.93.3.68', '2026-02-10 06:20:29', 'Failure Login 83'),
(427, 1, '177.93.3.68', '2026-02-10 06:20:36', 'Login Succesfully 83'),
(428, 1, '177.93.3.68', '2026-02-10 07:06:10', 'Login Succesfully 83'),
(429, 0, '186.151.104.4', '2026-02-10 07:57:34', 'Failure Login 68'),
(430, 0, '186.151.104.4', '2026-02-10 07:57:47', 'Failure Login 68'),
(431, 79, '186.151.104.4', '2026-02-10 07:58:12', 'Login Succesfully 68'),
(432, 0, '201.192.165.45', '2026-02-10 08:00:23', 'Failure Login 9'),
(433, 0, '201.192.165.45', '2026-02-10 08:00:29', 'Failure Login 9'),
(434, 0, '201.192.165.45', '2026-02-10 08:00:33', 'Failure Login 9'),
(435, 0, '201.192.165.45', '2026-02-10 08:00:37', 'Failure Login 9'),
(436, 0, '201.192.165.45', '2026-02-10 08:00:45', 'Failure Login 9'),
(437, 0, '201.192.165.45', '2026-02-10 08:00:51', 'Failure Login 9'),
(438, 0, '201.192.165.45', '2026-02-10 08:00:53', 'Failure Login 9'),
(439, 19, '201.192.165.45', '2026-02-10 08:01:43', 'Login Succesfully 9'),
(440, 1, '177.93.3.68', '2026-02-10 08:05:34', 'Login Succesfully 83'),
(441, 0, '201.191.198.26', '2026-02-10 08:07:23', 'Failure Login 16'),
(442, 0, '201.191.198.105', '2026-02-10 08:28:23', 'Failure Login 70'),
(443, 70, '104.28.94.54', '2026-02-10 08:28:38', 'Login Succesfully 91'),
(444, 21, '172.225.173.171', '2026-02-10 08:28:50', 'Login Succesfully 61'),
(445, 0, '186.151.108.188', '2026-02-10 08:29:38', 'Failure Login '),
(446, 44, '186.151.108.188', '2026-02-10 08:29:50', 'Login Succesfully 87'),
(447, 0, '177.93.3.123', '2026-02-10 08:30:01', 'Failure Login 13'),
(448, 0, '177.93.3.123', '2026-02-10 08:30:08', 'Failure Login 13'),
(449, 0, '201.201.215.241', '2026-02-10 08:30:54', 'Failure Login 97'),
(450, 0, '201.201.215.241', '2026-02-10 08:31:05', 'Failure Login 97'),
(451, 0, '201.191.218.133', '2026-02-10 08:32:11', 'Failure Login 110'),
(452, 49, '201.191.218.133', '2026-02-10 08:32:20', 'Login Succesfully 110'),
(453, 0, '177.93.3.120', '2026-02-10 08:33:14', 'Failure Login 101'),
(454, 61, '177.93.3.120', '2026-02-10 08:33:25', 'Login Succesfully 101'),
(455, 0, '201.191.218.97', '2026-02-10 08:46:59', 'Failure Login 43'),
(456, 0, '201.191.218.97', '2026-02-10 08:47:03', 'Failure Login 43'),
(457, 0, '201.191.218.97', '2026-02-10 08:47:20', 'Failure Login 043'),
(458, 54, '186.64.128.67', '2026-02-10 08:47:41', 'Login Succesfully 106'),
(459, 59, '177.93.3.28', '2026-02-10 08:53:41', 'Login Succesfully 48'),
(460, 78, '179.60.174.103', '2026-02-10 09:00:20', 'Login Succesfully 31'),
(461, 0, '177.93.3.110', '2026-02-10 09:04:15', 'Failure Login 25'),
(462, 0, '177.93.3.110', '2026-02-10 09:04:18', 'Failure Login 25'),
(463, 0, '186.151.108.220', '2026-02-10 09:04:26', 'Failure Login 123'),
(464, 0, '186.151.108.220', '2026-02-10 09:04:34', 'Failure Login 123'),
(465, 0, '186.151.108.220', '2026-02-10 09:04:37', 'Failure Login 123'),
(466, 45, '186.151.108.220', '2026-02-10 09:12:06', 'Login Succesfully 123'),
(467, 49, '201.191.218.133', '2026-02-10 09:12:17', 'Login Succesfully 110'),
(468, 56, '177.93.3.85', '2026-02-10 09:13:31', 'Login Succesfully 38'),
(469, 78, '179.60.174.103', '2026-02-10 09:14:11', 'Login Succesfully 31'),
(470, 1, '177.93.3.68', '2026-02-10 09:26:49', 'Login Succesfully 83'),
(471, 0, '177.93.3.68', '2026-02-10 09:51:51', 'Failure Login 83'),
(472, 1, '177.93.3.68', '2026-02-10 09:51:57', 'Login Succesfully 83'),
(473, 0, '172.225.173.117', '2026-02-10 09:54:20', 'Failure Login 39'),
(474, 0, '177.93.3.110', '2026-02-10 10:03:41', 'Failure Login 25'),
(475, 0, '177.93.3.110', '2026-02-10 10:03:44', 'Failure Login 25'),
(476, 0, '177.93.3.110', '2026-02-10 10:03:53', 'Failure Login 25'),
(477, 0, '177.93.3.110', '2026-02-10 10:03:56', 'Failure Login 25'),
(478, 39, '177.93.3.82', '2026-02-10 10:07:36', 'Login Succesfully 87'),
(479, 0, '190.62.85.80', '2026-02-10 10:08:48', 'Failure Login 88'),
(480, 26, '177.93.3.123', '2026-02-10 10:11:01', 'Login Succesfully 13'),
(481, 82, '177.93.3.68', '2026-02-10 10:11:03', 'Login Succesfully 25'),
(482, 83, '177.93.3.96', '2026-02-10 10:14:50', 'Login Succesfully 117'),
(483, 46, '190.62.85.80', '2026-02-10 10:20:54', 'Login Succesfully 88'),
(484, 0, '177.93.3.110', '2026-02-10 10:24:20', 'Failure Login 25'),
(485, 0, '177.93.3.110', '2026-02-10 10:24:24', 'Failure Login 25'),
(486, 0, '177.93.3.110', '2026-02-10 10:24:41', 'Failure Login 25'),
(487, 0, '177.93.3.110', '2026-02-10 10:24:43', 'Failure Login 25'),
(488, 0, '177.93.3.110', '2026-02-10 10:24:44', 'Failure Login 25'),
(489, 0, '177.93.3.110', '2026-02-10 10:24:46', 'Failure Login 25'),
(490, 0, '177.93.3.110', '2026-02-10 10:24:49', 'Failure Login 25'),
(491, 82, '177.93.3.110', '2026-02-10 10:25:30', 'Login Succesfully 25'),
(492, 82, '177.93.3.110', '2026-02-10 10:34:46', 'Login Succesfully 25'),
(493, 0, '177.93.3.68', '2026-02-10 10:36:41', 'Failure Login 83'),
(494, 1, '177.93.3.68', '2026-02-10 10:36:51', 'Login Succesfully 83'),
(495, 0, '140.248.44.23', '2026-02-10 10:39:29', 'Failure Login '),
(496, 21, '140.248.44.23', '2026-02-10 10:39:35', 'Login Succesfully 61'),
(497, 82, '201.201.215.130', '2026-02-10 10:40:40', 'Login Succesfully 25'),
(498, 0, '140.248.44.23', '2026-02-10 10:41:08', 'Failure Login '),
(499, 0, '140.248.44.23', '2026-02-10 10:41:10', 'Failure Login '),
(500, 21, '140.248.44.23', '2026-02-10 10:41:14', 'Login Succesfully 61'),
(501, 1, '177.93.3.68', '2026-02-10 10:45:46', 'Login Succesfully 83'),
(502, 70, '104.28.94.54', '2026-02-10 10:48:51', 'Login Succesfully 91'),
(503, 0, '177.93.3.48', '2026-02-10 10:49:48', 'Failure Login 42'),
(504, 61, '177.93.3.120', '2026-02-10 10:52:36', 'Login Succesfully 101'),
(505, 1, '177.93.3.68', '2026-02-10 10:53:52', 'Login Succesfully 83'),
(506, 0, '201.191.218.221', '2026-02-10 10:54:16', 'Failure Login 24'),
(507, 0, '201.191.51.119', '2026-02-10 10:55:25', 'Failure Login 105'),
(508, 0, '201.191.51.119', '2026-02-10 10:55:33', 'Failure Login 105'),
(509, 0, '201.191.51.119', '2026-02-10 10:55:59', 'Failure Login 105'),
(510, 0, '201.191.51.119', '2026-02-10 10:56:17', 'Failure Login 105'),
(511, 63, '201.191.218.221', '2026-02-10 10:59:33', 'Login Succesfully 24'),
(512, 0, '177.93.3.28', '2026-02-10 11:06:04', 'Failure Login '),
(513, 0, '177.93.3.28', '2026-02-10 11:06:09', 'Failure Login 48'),
(514, 0, '177.93.3.28', '2026-02-10 11:06:17', 'Failure Login 48'),
(515, 0, '177.93.3.28', '2026-02-10 11:06:20', 'Failure Login 48'),
(516, 84, '186.151.104.1', '2026-02-10 11:14:48', 'Login Succesfully 65'),
(517, 43, '201.193.44.116', '2026-02-10 11:17:48', 'Login Succesfully 97'),
(518, 1, '177.93.3.68', '2026-02-10 11:31:07', 'Login Succesfully 83'),
(519, 1, '177.93.3.68', '2026-02-10 11:32:39', 'Login Succesfully 83'),
(520, 21, '140.248.44.146', '2026-02-10 11:55:24', 'Login Succesfully 61'),
(521, 56, '177.93.3.85', '2026-02-10 12:10:13', 'Login Succesfully 38'),
(522, 56, '177.93.3.85', '2026-02-10 12:12:27', 'Login Succesfully 38'),
(523, 0, '163.178.208.33', '2026-02-10 12:12:51', 'Failure Login 64'),
(524, 1, '177.93.3.68', '2026-02-10 12:15:09', 'Login Succesfully 83'),
(525, 58, '186.151.104.44', '2026-02-10 12:19:20', 'Login Succesfully 95'),
(526, 0, '186.151.104.44', '2026-02-10 12:22:18', 'Failure Login '),
(527, 58, '186.151.104.44', '2026-02-10 12:22:25', 'Login Succesfully 95'),
(528, 81, '201.201.215.243', '2026-02-10 12:52:20', 'Login Succesfully 111'),
(529, 81, '201.201.215.243', '2026-02-10 13:00:35', 'Login Succesfully 111'),
(530, 1, '177.93.3.68', '2026-02-10 13:19:39', 'Login Succesfully 83'),
(531, 0, '177.93.3.120', '2026-02-10 13:27:12', 'Failure Login 101'),
(532, 0, '177.93.3.120', '2026-02-10 13:27:17', 'Failure Login 101'),
(533, 61, '177.93.3.120', '2026-02-10 13:27:23', 'Login Succesfully 101'),
(534, 1, '177.93.3.68', '2026-02-10 13:38:15', 'Login Succesfully 83'),
(535, 36, '201.191.198.53', '2026-02-10 13:55:56', 'Login Succesfully 98'),
(536, 0, '186.64.197.202', '2026-02-10 13:59:08', 'Failure Login 36'),
(537, 0, '186.64.197.202', '2026-02-10 14:01:10', 'Failure Login 36'),
(538, 49, '201.191.218.133', '2026-02-10 14:22:46', 'Login Succesfully 110'),
(539, 1, '201.201.215.246', '2026-02-10 15:20:59', 'Login Succesfully 83'),
(540, 42, '177.93.3.48', '2026-02-10 15:42:11', 'Login Succesfully 42'),
(541, 80, '201.191.198.46', '2026-02-10 16:11:34', 'Login Succesfully 70'),
(542, 1, '201.201.215.246', '2026-02-10 16:19:43', 'Login Succesfully 83'),
(543, 59, '177.93.3.28', '2026-02-10 16:32:04', 'Login Succesfully 48'),
(544, 0, '201.192.165.45', '2026-02-10 16:59:18', 'Failure Login 9'),
(545, 19, '201.192.165.45', '2026-02-10 16:59:24', 'Login Succesfully 9'),
(546, 0, '140.248.44.146', '2026-02-10 17:01:46', 'Failure Login '),
(547, 21, '140.248.44.146', '2026-02-10 17:01:51', 'Login Succesfully 61'),
(548, 0, '186.151.104.1', '2026-02-10 17:08:21', 'Failure Login '),
(549, 0, '186.151.104.1', '2026-02-10 17:08:27', 'Failure Login 65'),
(550, 84, '186.151.104.1', '2026-02-10 17:08:38', 'Login Succesfully 65'),
(551, 70, '177.93.3.11', '2026-02-10 17:28:09', 'Login Succesfully 91'),
(552, 81, '177.93.3.83', '2026-02-10 17:35:11', 'Login Succesfully 111'),
(553, 49, '201.191.218.133', '2026-02-10 17:45:57', 'Login Succesfully 110'),
(554, 0, '172.225.215.238', '2026-02-10 19:02:35', 'Failure Login '),
(555, 70, '172.225.215.238', '2026-02-10 19:02:49', 'Login Succesfully 91'),
(556, 36, '201.191.218.113', '2026-02-10 19:47:49', 'Login Succesfully 98'),
(557, 21, '140.248.44.0', '2026-02-10 19:54:08', 'Login Succesfully 61'),
(558, 0, '201.191.218.113', '2026-02-10 19:54:15', 'Failure Login 98'),
(559, 0, '201.191.218.113', '2026-02-10 19:54:23', 'Failure Login '),
(560, 0, '201.191.218.113', '2026-02-10 19:54:28', 'Failure Login '),
(561, 0, '201.191.218.113', '2026-02-10 19:54:35', 'Failure Login '),
(562, 36, '201.191.218.113', '2026-02-10 19:54:44', 'Login Succesfully 98'),
(563, 70, '177.93.3.11', '2026-02-10 20:03:01', 'Login Succesfully 91'),
(564, 70, '177.93.3.11', '2026-02-10 20:10:51', 'Login Succesfully 91'),
(565, 1, '177.93.3.68', '2026-02-10 20:14:39', 'Login Succesfully 83'),
(566, 0, '177.93.3.68', '2026-02-10 20:22:58', 'Failure Login 83'),
(567, 1, '177.93.3.68', '2026-02-10 20:23:07', 'Login Succesfully 83'),
(568, 1, '177.93.3.68', '2026-02-10 20:46:38', 'Login Succesfully 83'),
(569, 43, '177.93.3.5', '2026-02-10 20:54:32', 'Login Succesfully 97'),
(570, 1, '177.93.3.68', '2026-02-10 21:09:06', 'Login Succesfully 83'),
(571, 1, '177.93.3.68', '2026-02-10 21:13:30', 'Login Succesfully 83'),
(572, 0, '177.93.3.68', '2026-02-10 21:22:15', 'Failure Login 83'),
(573, 1, '177.93.3.68', '2026-02-10 21:22:21', 'Login Succesfully 83'),
(574, 1, '177.93.3.68', '2026-02-10 21:42:05', 'Login Succesfully 83'),
(575, 1, '177.93.3.68', '2026-02-11 06:36:15', 'Login Succesfully 83'),
(576, 1, '177.93.3.68', '2026-02-11 06:56:49', 'Login Succesfully 83'),
(577, 81, '190.113.115.234', '2026-02-11 07:41:01', 'Login Succesfully 111'),
(578, 49, '201.191.218.133', '2026-02-11 08:35:00', 'Login Succesfully 110'),
(579, 1, '177.93.3.68', '2026-02-11 10:36:46', 'Login Succesfully 83'),
(580, 0, '177.93.3.120', '2026-02-11 11:04:28', 'Failure Login 101'),
(581, 61, '177.93.3.120', '2026-02-11 11:04:38', 'Login Succesfully 101'),
(582, 36, '177.93.3.67', '2026-02-11 12:57:39', 'Login Succesfully 98'),
(583, 1, '177.93.3.68', '2026-02-11 14:20:18', 'Login Succesfully 83'),
(584, 49, '201.191.218.133', '2026-02-11 14:26:20', 'Login Succesfully 110'),
(585, 1, '177.93.3.68', '2026-02-11 14:36:12', 'Login Succesfully 83'),
(586, 0, '177.93.3.11', '2026-02-11 14:44:14', 'Failure Login '),
(587, 0, '177.93.3.11', '2026-02-11 14:44:15', 'Failure Login '),
(588, 0, '177.93.3.11', '2026-02-11 14:44:16', 'Failure Login '),
(589, 70, '177.93.3.11', '2026-02-11 14:44:22', 'Login Succesfully 91'),
(590, 21, '104.28.94.54', '2026-02-11 14:54:34', 'Login Succesfully 61'),
(591, 1, '177.93.3.68', '2026-02-11 14:55:10', 'Login Succesfully 83'),
(592, 0, '186.15.18.41', '2026-02-11 15:43:13', 'Failure Login 114'),
(593, 87, '186.15.18.41', '2026-02-11 15:44:19', 'Login Succesfully 114'),
(594, 58, '186.151.105.156', '2026-02-11 16:09:41', 'Login Succesfully 95'),
(595, 63, '201.191.218.221', '2026-02-11 16:10:37', 'Login Succesfully 24'),
(596, 1, '177.93.3.68', '2026-02-11 16:15:08', 'Login Succesfully 83'),
(597, 1, '177.93.3.68', '2026-02-11 17:01:27', 'Login Succesfully 83'),
(598, 1, '177.93.3.68', '2026-02-11 18:32:53', 'Login Succesfully 83'),
(599, 1, '177.93.3.68', '2026-02-11 19:22:52', 'Login Succesfully 83'),
(600, 0, '177.93.3.67', '2026-02-11 19:26:39', 'Failure Login 98'),
(601, 0, '177.93.3.67', '2026-02-11 19:26:44', 'Failure Login '),
(602, 36, '177.93.3.67', '2026-02-11 19:26:50', 'Login Succesfully 98'),
(603, 1, '177.93.3.68', '2026-02-11 20:17:47', 'Login Succesfully 83'),
(604, 0, '186.64.174.174', '2026-02-11 23:55:21', 'Failure Login 16'),
(605, 53, '186.64.174.174', '2026-02-11 23:55:28', 'Login Succesfully 16'),
(606, 0, '186.64.174.174', '2026-02-11 23:58:27', 'Failure Login '),
(607, 53, '186.64.174.174', '2026-02-11 23:59:34', 'Login Succesfully 16'),
(608, 1, '177.93.3.68', '2026-02-12 15:49:29', 'Login Succesfully 83'),
(609, 49, '201.191.218.133', '2026-02-12 16:27:19', 'Login Succesfully 110'),
(610, 1, '177.93.3.68', '2026-02-12 17:52:12', 'Login Succesfully 83'),
(611, 1, '201.199.247.105', '2026-02-12 19:24:11', 'Login Succesfully 83'),
(612, 0, '201.201.215.188', '2026-02-12 20:28:19', 'Failure Login '),
(613, 80, '201.201.215.188', '2026-02-12 20:28:32', 'Login Succesfully 70'),
(614, 1, '177.93.3.68', '2026-02-12 20:38:08', 'Login Succesfully 83'),
(615, 57, '177.93.3.68', '2026-02-12 20:55:39', 'Login Succesfully 16'),
(616, 57, '186.64.174.174', '2026-02-12 20:57:58', 'Login Succesfully 16'),
(617, 1, '177.93.3.68', '2026-02-12 21:00:00', 'Login Succesfully 83'),
(618, 1, '177.93.3.68', '2026-02-12 21:12:09', 'Login Succesfully 83'),
(619, 0, '186.64.174.174', '2026-02-12 21:14:10', 'Failure Login 16'),
(620, 0, '186.64.174.174', '2026-02-12 21:14:20', 'Failure Login 16'),
(621, 57, '186.64.174.174', '2026-02-12 21:14:28', 'Login Succesfully 16'),
(622, 1, '177.93.3.68', '2026-02-12 21:36:59', 'Login Succesfully 83'),
(623, 49, '201.191.218.133', '2026-02-13 08:51:53', 'Login Succesfully 110'),
(624, 1, '177.93.3.68', '2026-02-13 10:07:31', 'Login Succesfully 83'),
(625, 1, '177.93.3.68', '2026-02-13 12:17:15', 'Login Succesfully 83'),
(626, 63, '201.191.218.221', '2026-02-13 15:59:42', 'Login Succesfully 24'),
(627, 1, '177.93.3.68', '2026-02-13 18:57:37', 'Login Succesfully 83'),
(628, 42, '177.93.3.48', '2026-02-13 19:05:06', 'Login Succesfully 42'),
(629, 1, '177.93.3.68', '2026-02-13 19:05:06', 'Login Succesfully 83'),
(630, 0, '186.151.108.231', '2026-02-13 19:06:41', 'Failure Login '),
(631, 0, '186.151.108.231', '2026-02-13 19:06:43', 'Failure Login '),
(632, 78, '186.151.108.231', '2026-02-13 19:06:47', 'Login Succesfully 31'),
(633, 78, '186.151.108.231', '2026-02-13 19:07:13', 'Login Succesfully 31'),
(634, 0, '201.191.218.108', '2026-02-13 19:14:01', 'Failure Login '),
(635, 0, '201.191.218.108', '2026-02-13 19:14:12', 'Failure Login 68'),
(636, 0, '201.191.218.108', '2026-02-13 19:14:22', 'Failure Login 68'),
(637, 0, '201.191.218.108', '2026-02-13 19:14:47', 'Failure Login 68'),
(638, 0, '201.191.218.108', '2026-02-13 19:14:56', 'Failure Login 68'),
(639, 0, '201.191.218.108', '2026-02-13 19:15:02', 'Failure Login 68'),
(640, 0, '201.191.218.108', '2026-02-13 19:15:12', 'Failure Login 68'),
(641, 0, '201.191.218.108', '2026-02-13 19:15:16', 'Failure Login 68'),
(642, 0, '201.191.218.108', '2026-02-13 19:18:08', 'Failure Login 68'),
(643, 0, '201.191.218.108', '2026-02-13 19:18:26', 'Failure Login 68'),
(644, 0, '201.191.218.108', '2026-02-13 19:18:37', 'Failure Login 68'),
(645, 79, '201.191.218.108', '2026-02-13 19:19:05', 'Login Succesfully 68'),
(646, 79, '201.191.218.108', '2026-02-13 19:19:56', 'Login Succesfully 68'),
(647, 79, '201.191.218.108', '2026-02-13 19:22:33', 'Login Succesfully 68'),
(648, 0, '177.93.3.75', '2026-02-13 19:30:46', 'Failure Login 71'),
(649, 0, '177.93.3.75', '2026-02-13 19:31:37', 'Failure Login 71'),
(650, 0, '177.93.3.75', '2026-02-13 19:31:37', 'Failure Login 71'),
(651, 0, '177.93.3.75', '2026-02-13 19:35:34', 'Failure Login VivaSaprissa'),
(652, 88, '177.93.3.75', '2026-02-13 19:36:44', 'Login Succesfully 71'),
(653, 1, '177.93.3.68', '2026-02-13 19:39:47', 'Login Succesfully 83'),
(654, 0, '190.112.223.152', '2026-02-13 19:44:14', 'Failure Login 107'),
(655, 89, '190.112.223.152', '2026-02-13 19:45:16', 'Login Succesfully 107'),
(656, 1, '177.93.3.68', '2026-02-13 19:45:38', 'Login Succesfully 83'),
(657, 89, '190.112.223.152', '2026-02-13 19:52:58', 'Login Succesfully 107'),
(658, 0, '190.112.223.152', '2026-02-13 20:05:50', 'Failure Login '),
(659, 0, '190.112.223.152', '2026-02-13 20:05:52', 'Failure Login '),
(660, 0, '190.112.223.152', '2026-02-13 20:05:55', 'Failure Login '),
(661, 89, '190.112.223.152', '2026-02-13 20:06:04', 'Login Succesfully 107'),
(662, 1, '177.93.3.68', '2026-02-13 20:23:32', 'Login Succesfully 83'),
(663, 54, '186.64.128.67', '2026-02-13 20:52:47', 'Login Succesfully 106'),
(664, 70, '177.93.3.11', '2026-02-13 20:55:30', 'Login Succesfully 91'),
(665, 70, '177.93.3.11', '2026-02-13 20:55:30', 'Login Succesfully 91'),
(666, 70, '104.28.92.55', '2026-02-13 20:57:41', 'Login Succesfully 91'),
(667, 46, '177.93.3.107', '2026-02-13 21:12:58', 'Login Succesfully 88'),
(668, 1, '177.93.3.68', '2026-02-13 22:11:35', 'Login Succesfully 83'),
(669, 78, '186.15.134.98', '2026-02-14 08:19:48', 'Login Succesfully 31'),
(670, 1, '177.93.3.68', '2026-02-14 09:52:38', 'Login Succesfully 83'),
(671, 1, '177.93.3.68', '2026-02-14 10:00:58', 'Login Succesfully 83'),
(672, 1, '177.93.3.40', '2026-02-16 11:56:56', 'Login Succesfully 83'),
(673, 90, '201.201.215.153', '2026-02-16 12:55:25', 'Login Succesfully 39'),
(674, 1, '177.93.3.40', '2026-02-16 14:45:43', 'Login Succesfully 83'),
(675, 37, '177.93.3.40', '2026-02-17 14:10:52', 'Login Succesfully 89'),
(676, 1, '177.93.3.40', '2026-02-17 19:02:29', 'Login Succesfully 83'),
(677, 36, '177.93.3.67', '2026-02-18 08:35:53', 'Login Succesfully 98'),
(678, 61, '177.93.3.120', '2026-02-18 08:36:50', 'Login Succesfully 101'),
(679, 1, '177.93.3.40', '2026-02-18 09:14:09', 'Login Succesfully 83'),
(680, 0, '177.93.3.114', '2026-02-18 09:55:06', 'Failure Login 89'),
(681, 37, '177.93.3.114', '2026-02-18 09:55:14', 'Login Succesfully 89'),
(682, 0, '177.93.3.114', '2026-02-18 10:05:27', 'Failure Login 89'),
(683, 37, '177.93.3.114', '2026-02-18 10:05:35', 'Login Succesfully 89'),
(684, 79, '201.191.218.108', '2026-02-18 10:35:15', 'Login Succesfully 68'),
(685, 0, '177.93.3.65', '2026-02-18 10:40:05', 'Failure Login 52'),
(686, 70, '177.93.3.11', '2026-02-18 10:40:15', 'Login Succesfully 91'),
(687, 0, '201.191.218.106', '2026-02-18 10:40:36', 'Failure Login 45'),
(688, 0, '201.191.218.106', '2026-02-18 10:40:42', 'Failure Login '),
(689, 1, '177.93.3.40', '2026-02-18 10:40:45', 'Login Succesfully 83'),
(690, 0, '186.151.104.91', '2026-02-18 10:42:00', 'Failure Login '),
(691, 1, '177.93.3.40', '2026-02-18 10:44:18', 'Login Succesfully 83'),
(692, 0, '201.191.218.106', '2026-02-18 10:48:58', 'Failure Login 45'),
(693, 59, '201.191.198.53', '2026-02-18 10:49:01', 'Login Succesfully 48'),
(694, 0, '201.191.218.106', '2026-02-18 10:49:07', 'Failure Login 45'),
(695, 0, '201.191.218.106', '2026-02-18 10:49:17', 'Failure Login 45'),
(696, 0, '201.191.218.106', '2026-02-18 10:50:47', 'Failure Login 45'),
(697, 0, '201.191.218.106', '2026-02-18 10:50:58', 'Failure Login 45'),
(698, 0, '201.191.218.106', '2026-02-18 10:51:05', 'Failure Login 45'),
(699, 59, '200.122.146.39', '2026-02-18 10:51:32', 'Login Succesfully 48'),
(700, 1, '177.93.3.40', '2026-02-18 10:54:14', 'Login Succesfully 83'),
(701, 61, '177.93.3.120', '2026-02-18 10:57:26', 'Login Succesfully 101'),
(702, 26, '177.93.3.123', '2026-02-18 10:59:03', 'Login Succesfully 13'),
(703, 36, '177.93.3.67', '2026-02-18 11:01:32', 'Login Succesfully 98'),
(704, 0, '177.93.3.114', '2026-02-18 11:05:02', 'Failure Login '),
(705, 37, '177.93.3.114', '2026-02-18 11:05:06', 'Login Succesfully 89'),
(706, 26, '177.93.3.123', '2026-02-18 11:05:35', 'Login Succesfully 13'),
(707, 0, '186.151.108.17', '2026-02-18 11:07:12', 'Failure Login 65'),
(708, 0, '186.151.108.17', '2026-02-18 11:07:32', 'Failure Login 65'),
(709, 0, '186.151.108.17', '2026-02-18 11:07:42', 'Failure Login 65'),
(710, 0, '186.151.108.17', '2026-02-18 11:07:57', 'Failure Login 65'),
(711, 84, '186.151.108.17', '2026-02-18 11:08:08', 'Login Succesfully 65'),
(712, 70, '104.28.94.55', '2026-02-18 11:11:34', 'Login Succesfully 91'),
(713, 37, '177.93.3.114', '2026-02-18 11:19:36', 'Login Succesfully 89'),
(714, 99, '201.191.198.77', '2026-02-18 11:22:22', 'Login Succesfully 0'),
(715, 1, '177.93.3.40', '2026-02-18 11:22:30', 'Login Succesfully 83'),
(716, 21, '104.28.94.55', '2026-02-18 11:23:18', 'Login Succesfully 61'),
(717, 26, '177.93.3.123', '2026-02-18 11:23:39', 'Login Succesfully 13'),
(718, 101, '201.191.218.106', '2026-02-18 11:39:20', 'Login Succesfully 45'),
(719, 0, '200.119.191.174', '2026-02-18 11:47:45', 'Failure Login 90'),
(720, 0, '200.119.191.174', '2026-02-18 11:48:34', 'Failure Login 90'),
(721, 0, '200.122.146.39', '2026-02-18 11:50:28', 'Failure Login 48'),
(722, 0, '200.122.146.39', '2026-02-18 11:51:47', 'Failure Login 48'),
(723, 59, '200.122.146.39', '2026-02-18 11:51:55', 'Login Succesfully 48'),
(724, 0, '200.119.191.174', '2026-02-18 11:55:05', 'Failure Login 90'),
(725, 65, '200.119.191.174', '2026-02-18 11:55:16', 'Login Succesfully 90'),
(726, 0, '200.122.146.39', '2026-02-18 11:56:17', 'Failure Login 48'),
(727, 0, '200.122.146.39', '2026-02-18 11:56:25', 'Failure Login 48'),
(728, 0, '200.122.146.39', '2026-02-18 11:56:26', 'Failure Login 48'),
(729, 0, '200.122.146.39', '2026-02-18 11:56:36', 'Failure Login 48'),
(730, 0, '200.122.146.39', '2026-02-18 11:56:55', 'Failure Login 48'),
(731, 0, '177.93.3.40', '2026-02-18 11:56:58', 'Failure Login 48'),
(732, 0, '177.93.3.40', '2026-02-18 11:57:08', 'Failure Login 48'),
(733, 0, '177.93.3.40', '2026-02-18 11:57:50', 'Failure Login 48'),
(734, 0, '177.93.3.40', '2026-02-18 11:57:54', 'Failure Login 48'),
(735, 103, '177.93.3.40', '2026-02-18 11:58:16', 'Login Succesfully 48'),
(736, 103, '200.122.146.39', '2026-02-18 11:58:24', 'Login Succesfully 48'),
(737, 102, '201.191.218.106', '2026-02-18 11:59:28', 'Login Succesfully 45'),
(738, 0, '177.93.3.40', '2026-02-18 11:59:37', 'Failure Login 83'),
(739, 1, '177.93.3.40', '2026-02-18 11:59:41', 'Login Succesfully 83'),
(740, 0, '177.93.3.67', '2026-02-18 12:03:59', 'Failure Login 99'),
(741, 0, '177.93.3.67', '2026-02-18 12:04:00', 'Failure Login 99'),
(742, 36, '177.93.3.67', '2026-02-18 12:04:09', 'Login Succesfully 98'),
(743, 0, '177.93.3.67', '2026-02-18 12:05:48', 'Failure Login 98'),
(744, 0, '177.93.3.67', '2026-02-18 12:05:52', 'Failure Login '),
(745, 0, '177.93.3.67', '2026-02-18 12:05:53', 'Failure Login '),
(746, 36, '177.93.3.67', '2026-02-18 12:06:01', 'Login Succesfully 98'),
(747, 55, '201.201.215.137', '2026-02-18 12:24:27', 'Login Succesfully 24'),
(748, 70, '177.93.3.11', '2026-02-18 12:37:08', 'Login Succesfully 91'),
(749, 70, '104.28.94.55', '2026-02-18 13:30:13', 'Login Succesfully 91'),
(750, 86, '177.93.3.65', '2026-02-18 14:50:40', 'Login Succesfully 52'),
(751, 85, '177.93.3.33', '2026-02-18 15:18:51', 'Login Succesfully 63'),
(752, 70, '177.93.3.11', '2026-02-18 15:20:00', 'Login Succesfully 91'),
(753, 42, '177.93.3.48', '2026-02-18 16:01:39', 'Login Succesfully 42'),
(754, 100, '177.93.3.74', '2026-02-18 16:06:37', 'Login Succesfully 103'),
(755, 1, '201.191.198.81', '2026-02-18 16:07:24', 'Login Succesfully 83'),
(756, 100, '177.93.3.74', '2026-02-18 16:15:06', 'Login Succesfully 103'),
(757, 0, '177.93.3.74', '2026-02-18 16:18:49', 'Failure Login 103'),
(758, 100, '177.93.3.74', '2026-02-18 16:18:56', 'Login Succesfully 103'),
(759, 1, '177.93.3.40', '2026-02-18 17:13:12', 'Login Succesfully 83'),
(760, 1, '177.93.3.40', '2026-02-18 17:31:52', 'Login Succesfully 83'),
(761, 0, '186.151.109.65', '2026-02-18 17:57:02', 'Failure Login 65'),
(762, 84, '177.93.3.20', '2026-02-18 17:57:15', 'Login Succesfully 65'),
(763, 45, '177.93.3.62', '2026-02-18 18:07:13', 'Login Succesfully 123'),
(764, 37, '201.191.218.136', '2026-02-18 18:17:48', 'Login Succesfully 89'),
(765, 36, '177.93.3.67', '2026-02-18 18:18:12', 'Login Succesfully 98'),
(766, 0, '177.93.3.110', '2026-02-18 18:47:29', 'Failure Login 25'),
(767, 0, '177.93.3.110', '2026-02-18 18:47:39', 'Failure Login 25'),
(768, 0, '177.93.3.110', '2026-02-18 18:47:40', 'Failure Login 25'),
(769, 0, '177.93.3.110', '2026-02-18 18:47:41', 'Failure Login 25'),
(770, 0, '177.93.3.110', '2026-02-18 18:47:54', 'Failure Login 25'),
(771, 70, '172.225.33.239', '2026-02-18 19:18:08', 'Login Succesfully 91'),
(772, 70, '177.93.3.11', '2026-02-18 19:18:13', 'Login Succesfully 91'),
(773, 1, '177.93.3.40', '2026-02-18 19:36:02', 'Login Succesfully 83'),
(774, 85, '177.93.3.33', '2026-02-18 19:42:49', 'Login Succesfully 63'),
(775, 0, '177.93.3.11', '2026-02-18 19:45:58', 'Failure Login 91'),
(776, 0, '177.93.3.11', '2026-02-18 19:46:00', 'Failure Login 91'),
(777, 0, '177.93.3.11', '2026-02-18 19:46:05', 'Failure Login 91'),
(778, 85, '177.93.3.33', '2026-02-18 19:46:58', 'Login Succesfully 63'),
(779, 70, '172.225.215.236', '2026-02-18 19:58:05', 'Login Succesfully 91'),
(780, 37, '177.93.3.114', '2026-02-18 20:16:13', 'Login Succesfully 89'),
(781, 70, '177.93.3.11', '2026-02-18 20:21:14', 'Login Succesfully 91'),
(782, 0, '177.93.3.40', '2026-02-18 20:28:45', 'Failure Login aleaz05@gmail.com'),
(783, 0, '177.93.3.40', '2026-02-18 20:28:55', 'Failure Login aleaz05@gmail.com'),
(784, 0, '177.93.3.40', '2026-02-18 20:29:19', 'Failure Login 83'),
(785, 0, '177.93.3.40', '2026-02-18 20:29:35', 'Failure Login 83'),
(786, 0, '177.93.3.40', '2026-02-18 20:29:37', 'Failure Login 83'),
(787, 16, '177.93.3.40', '2026-02-18 20:30:31', 'Login Succesfully 83'),
(788, 16, '177.93.3.40', '2026-02-18 20:30:36', 'Login Succesfully 83'),
(789, 70, '177.93.3.11', '2026-02-18 20:59:29', 'Login Succesfully 91'),
(790, 36, '201.191.198.195', '2026-02-19 06:09:53', 'Login Succesfully 98'),
(791, 70, '177.93.3.11', '2026-02-19 09:27:25', 'Login Succesfully 91'),
(792, 70, '177.93.3.11', '2026-02-19 13:59:19', 'Login Succesfully 91'),
(793, 1, '186.15.23.33', '2026-02-19 16:54:30', 'Login Succesfully 83'),
(794, 1, '186.15.23.33', '2026-02-19 17:13:01', 'Login Succesfully 83'),
(795, 1, '186.15.23.33', '2026-02-19 17:32:11', 'Login Succesfully 83'),
(796, 36, '177.93.3.67', '2026-02-19 19:02:44', 'Login Succesfully 98'),
(797, 70, '177.93.3.11', '2026-02-19 19:54:51', 'Login Succesfully 91'),
(798, 54, '186.64.128.67', '2026-02-19 20:15:14', 'Login Succesfully 106'),
(799, 79, '201.191.218.42', '2026-02-19 20:25:09', 'Login Succesfully 68'),
(800, 88, '177.93.3.75', '2026-02-19 21:07:22', 'Login Succesfully 71'),
(801, 99, '186.151.104.41', '2026-02-19 21:09:13', 'Login Succesfully 0'),
(802, 0, '177.93.3.107', '2026-02-19 21:29:58', 'Failure Login 88'),
(803, 46, '177.93.3.107', '2026-02-19 21:30:32', 'Login Succesfully 88'),
(804, 0, '177.93.3.114', '2026-02-19 21:33:09', 'Failure Login 89'),
(805, 0, '177.93.3.114', '2026-02-19 21:33:18', 'Failure Login 89'),
(806, 37, '177.93.3.114', '2026-02-19 21:33:29', 'Login Succesfully 89'),
(807, 1, '177.93.3.40', '2026-02-19 22:50:24', 'Login Succesfully 83'),
(808, 36, '177.93.3.67', '2026-02-20 07:56:30', 'Login Succesfully 98'),
(809, 1, '177.93.3.40', '2026-02-20 10:58:12', 'Login Succesfully 83'),
(810, 39, '186.15.48.163', '2026-02-20 13:43:48', 'Login Succesfully 87'),
(811, 36, '177.93.3.67', '2026-02-20 13:58:15', 'Login Succesfully 98'),
(812, 99, '201.191.218.251', '2026-02-20 13:58:21', 'Login Succesfully 0'),
(813, 26, '177.93.3.123', '2026-02-20 14:00:33', 'Login Succesfully 13'),
(814, 37, '177.93.3.114', '2026-02-20 14:01:01', 'Login Succesfully 89'),
(815, 61, '177.93.3.120', '2026-02-20 14:01:30', 'Login Succesfully 101'),
(816, 88, '177.93.3.75', '2026-02-20 14:02:45', 'Login Succesfully 71'),
(817, 70, '201.191.198.244', '2026-02-20 14:04:24', 'Login Succesfully 91'),
(818, 79, '186.151.104.5', '2026-02-20 14:05:02', 'Login Succesfully 68'),
(819, 83, '177.93.3.96', '2026-02-20 14:08:11', 'Login Succesfully 117'),
(820, 1, '170.150.57.32', '2026-02-20 14:09:14', 'Login Succesfully 83'),
(821, 81, '201.191.255.243', '2026-02-20 14:10:18', 'Login Succesfully 111'),
(822, 70, '104.28.94.54', '2026-02-20 14:13:21', 'Login Succesfully 91'),
(823, 0, '177.93.3.120', '2026-02-20 14:23:20', 'Failure Login 101'),
(824, 61, '177.93.3.120', '2026-02-20 14:23:28', 'Login Succesfully 101'),
(825, 85, '177.93.3.33', '2026-02-20 14:24:02', 'Login Succesfully 63'),
(826, 53, '186.64.174.174', '2026-02-20 14:24:29', 'Login Succesfully 16'),
(827, 19, '201.192.165.45', '2026-02-20 14:28:22', 'Login Succesfully 9'),
(828, 59, '177.93.3.28', '2026-02-20 14:29:53', 'Login Succesfully 48'),
(829, 99, '201.191.218.58', '2026-02-20 14:32:53', 'Login Succesfully 0'),
(830, 0, '104.28.94.54', '2026-02-20 14:33:43', 'Failure Login 95'),
(831, 86, '190.171.113.126', '2026-02-20 14:35:18', 'Login Succesfully 52'),
(832, 65, '38.210.166.153', '2026-02-20 14:36:09', 'Login Succesfully 90'),
(833, 39, '186.15.48.163', '2026-02-20 14:38:24', 'Login Succesfully 87'),
(834, 1, '170.150.57.32', '2026-02-20 14:49:11', 'Login Succesfully 83'),
(835, 99, '201.191.199.237', '2026-02-20 14:52:24', 'Login Succesfully 0'),
(836, 70, '104.28.94.55', '2026-02-20 15:13:39', 'Login Succesfully 91'),
(837, 99, '201.191.218.58', '2026-02-20 15:13:46', 'Login Succesfully 0'),
(838, 79, '201.191.218.42', '2026-02-20 15:14:25', 'Login Succesfully 68'),
(839, 43, '177.93.3.5', '2026-02-20 15:24:14', 'Login Succesfully 97'),
(840, 54, '186.64.128.67', '2026-02-20 15:35:39', 'Login Succesfully 106'),
(841, 39, '186.15.48.163', '2026-02-20 15:40:27', 'Login Succesfully 87'),
(842, 39, '186.15.48.163', '2026-02-20 15:58:14', 'Login Succesfully 87'),
(843, 0, '177.93.3.107', '2026-02-20 16:04:49', 'Failure Login 88'),
(844, 46, '177.93.3.107', '2026-02-20 16:04:55', 'Login Succesfully 88'),
(845, 88, '177.93.3.75', '2026-02-20 16:09:48', 'Login Succesfully 71'),
(846, 0, '201.191.199.135', '2026-02-20 16:29:58', 'Failure Login 83'),
(847, 0, '201.191.199.135', '2026-02-20 16:30:07', 'Failure Login 83'),
(848, 0, '201.191.199.135', '2026-02-20 16:30:15', 'Failure Login 83'),
(849, 16, '201.191.199.135', '2026-02-20 16:30:22', 'Login Succesfully 83'),
(850, 0, '201.191.199.135', '2026-02-20 16:40:39', 'Failure Login 83'),
(851, 16, '201.191.199.135', '2026-02-20 16:40:45', 'Login Succesfully 83'),
(852, 99, '177.93.3.83', '2026-02-20 16:56:11', 'Login Succesfully 0'),
(853, 36, '177.93.3.67', '2026-02-20 17:23:00', 'Login Succesfully 98'),
(854, 70, '104.28.94.55', '2026-02-20 17:51:59', 'Login Succesfully 91'),
(855, 70, '104.28.94.55', '2026-02-20 17:59:59', 'Login Succesfully 91'),
(856, 0, '186.64.174.174', '2026-02-20 18:21:35', 'Failure Login 16'),
(857, 53, '186.64.174.174', '2026-02-20 18:21:44', 'Login Succesfully 16'),
(858, 88, '177.93.3.75', '2026-02-20 18:30:02', 'Login Succesfully 71'),
(859, 53, '186.64.174.174', '2026-02-20 18:41:05', 'Login Succesfully 16'),
(860, 1, '74.244.145.191', '2026-02-20 19:12:33', 'Login Succesfully 83'),
(861, 45, '177.93.3.62', '2026-02-20 21:41:41', 'Login Succesfully 123'),
(862, 79, '201.191.218.42', '2026-02-20 21:54:15', 'Login Succesfully 68'),
(863, 36, '201.191.198.231', '2026-02-20 21:58:20', 'Login Succesfully 98'),
(864, 39, '186.15.48.163', '2026-02-21 08:04:12', 'Login Succesfully 87'),
(865, 86, '190.171.113.126', '2026-02-21 09:44:25', 'Login Succesfully 52'),
(866, 39, '186.15.48.163', '2026-02-21 14:24:46', 'Login Succesfully 87'),
(867, 46, '177.93.3.107', '2026-02-21 20:30:11', 'Login Succesfully 88'),
(868, 1, '177.93.3.40', '2026-02-22 12:09:37', 'Login Succesfully 83'),
(869, 39, '186.15.48.163', '2026-02-22 19:47:22', 'Login Succesfully 87'),
(870, 39, '186.15.48.163', '2026-02-22 23:55:29', 'Login Succesfully 87'),
(871, 33, '201.192.165.45', '2026-02-23 04:44:01', 'Login Succesfully 9'),
(872, 36, '177.93.3.67', '2026-02-23 05:44:37', 'Login Succesfully 98'),
(873, 1, '177.93.3.40', '2026-02-23 05:51:27', 'Login Succesfully 83'),
(874, 1, '177.93.3.40', '2026-02-23 06:09:25', 'Login Succesfully 83'),
(875, 1, '177.93.3.40', '2026-02-23 06:11:53', 'Login Succesfully 83'),
(876, 1, '177.93.3.40', '2026-02-23 08:32:54', 'Login Succesfully 83'),
(877, 99, '177.93.3.62', '2026-02-23 11:52:22', 'Login Succesfully 0'),
(878, 1, '177.93.3.40', '2026-02-23 12:18:40', 'Login Succesfully 83'),
(879, 39, '186.15.187.58', '2026-02-23 12:48:11', 'Login Succesfully 87'),
(880, 99, '201.191.218.57', '2026-02-23 14:22:13', 'Login Succesfully 0'),
(881, 99, '177.93.3.6', '2026-02-23 15:29:13', 'Login Succesfully 0'),
(882, 1, '177.93.3.40', '2026-02-23 16:08:30', 'Login Succesfully 83'),
(883, 107, '177.93.3.40', '2026-02-23 16:09:56', 'Login Succesfully 4'),
(884, 36, '177.93.3.67', '2026-02-23 22:02:32', 'Login Succesfully 98'),
(885, 1, '177.93.3.40', '2026-02-24 10:21:37', 'Login Succesfully 83'),
(886, 61, '177.93.3.120', '2026-02-24 10:33:01', 'Login Succesfully 101'),
(887, 61, '177.93.3.120', '2026-02-25 21:07:11', 'Login Succesfully 101'),
(888, 1, '177.93.3.40', '2026-02-26 00:38:22', 'Login Succesfully 83'),
(889, 1, '177.93.3.40', '2026-02-26 10:08:09', 'Login Succesfully 83'),
(890, 0, '177.93.3.40', '2026-02-26 11:39:41', 'Failure Login 83'),
(891, 1, '177.93.3.40', '2026-02-26 11:39:46', 'Login Succesfully 83'),
(892, 63, '201.191.218.213', '2026-02-26 16:05:48', 'Login Succesfully 24'),
(893, 0, '177.93.3.40', '2026-02-26 17:31:35', 'Failure Login 133'),
(894, 0, '177.93.3.40', '2026-02-26 17:31:42', 'Failure Login 133'),
(895, 0, '177.93.3.40', '2026-02-26 17:31:47', 'Failure Login 133'),
(896, 0, '177.93.3.40', '2026-02-26 17:32:18', 'Login Succesfully 0'),
(897, 108, '177.93.3.40', '2026-02-26 17:33:41', 'Login Succesfully 133'),
(898, 26, '177.93.3.123', '2026-02-26 17:59:14', 'Login Succesfully 13'),
(899, 53, '186.151.109.152', '2026-02-26 19:21:59', 'Login Succesfully 16'),
(900, 46, '177.93.3.107', '2026-02-26 19:55:14', 'Login Succesfully 88'),
(901, 1, '177.93.3.40', '2026-02-26 22:34:23', 'Login Succesfully 83'),
(902, 1, '177.93.3.40', '2026-02-27 10:14:52', 'Login Succesfully 83'),
(903, 99, '201.191.218.253', '2026-02-27 10:15:51', 'Login Succesfully 0'),
(904, 1, '177.93.3.79', '2026-03-02 08:11:05', 'Login Succesfully 83'),
(905, 36, '177.93.3.81', '2026-03-04 19:38:23', 'Login Succesfully 98'),
(906, 0, '104.28.94.55', '2026-03-05 10:38:49', 'Failure Login 95'),
(907, 0, '104.28.94.55', '2026-03-05 10:38:51', 'Failure Login 95'),
(908, 0, '104.28.94.55', '2026-03-05 10:39:18', 'Failure Login 95'),
(909, 0, '104.28.94.55', '2026-03-05 10:39:21', 'Failure Login 95'),
(910, 0, '104.28.94.55', '2026-03-05 10:39:27', 'Failure Login 95'),
(911, 1, '177.93.3.79', '2026-03-06 08:44:58', 'Login Succesfully 83'),
(912, 99, '177.93.3.93', '2026-03-06 12:13:07', 'Login Succesfully 0'),
(913, 99, '177.93.3.93', '2026-03-06 15:28:24', 'Login Succesfully 0'),
(914, 36, '177.93.3.81', '2026-03-06 16:25:47', 'Login Succesfully 98'),
(915, 0, '177.93.3.83', '2026-03-06 20:46:07', 'Failure Login 101'),
(916, 61, '177.93.3.83', '2026-03-06 20:46:22', 'Login Succesfully 101'),
(917, 99, '177.93.3.93', '2026-03-07 19:31:26', 'Login Succesfully 0'),
(918, 99, '177.93.3.81', '2026-03-11 07:11:43', 'Login Succesfully 0');

-- --------------------------------------------------------

--
-- Table structure for table `respuestas`
--

CREATE TABLE `respuestas` (
  `id` int(11) NOT NULL,
  `id_tema` int(11) NOT NULL,
  `id_user` int(11) NOT NULL,
  `detalle` text NOT NULL,
  `fecha` datetime NOT NULL,
  `id_respuesta` int(11) NOT NULL DEFAULT 0,
  `estado` varchar(20) NOT NULL
) ENGINE=InnoDB DEFAULT CHARSET=utf8mb3 COLLATE=utf8mb3_general_ci;

--
-- Dumping data for table `respuestas`
--

INSERT INTO `respuestas` (`id`, `id_tema`, `id_user`, `detalle`, `fecha`, `id_respuesta`, `estado`) VALUES
(1, 1, 42, 'Me parece que es un proyecto necesario dado lo ventosa que es la zona en temporada seca, para los niños especialmente el agua de la piscina es demasiado fría y no pueden disfrutar de la piscina en vacaciones.', '2026-02-09 15:48:31', 0, ''),
(2, 2, 0, 'La seguridad es un tema que nos importa a todos. Se ha venido trabajando con la Administración para mejorar el servicio y evaluar alternativas.\n\nCualquier referencia, experiencia o cotización de empresas de seguridad que puedan compartir será bienvenida para revisarla entre todos.', '2026-02-09 17:30:45', 0, '1'),
(3, 2, 53, 'Me parece que antes de un cambio de seguridad que es necesario es el apoyo tecnológico.', '2026-02-09 18:39:03', 0, ''),
(4, 5, 1, 'Es un punto importante que viene a apoyar y complementar la seguridad del condominio, considerando que el factor humano siempre tiene limitaciones.\n\nSi algún vecino o vecina tiene conocimiento en el tema, experiencia previa o puede aportar ideas, referencias o recomendaciones sobre soluciones tecnológicas (cámaras, sistemas, alcances, etc.), serán bienvenidas para analizarlas.', '2026-02-09 20:44:55', 0, '1'),
(5, 5, 61, 'Consideramos este tema prioritario. He tenido varios casos donde el guarda de la caseta no lleva el control adecuado de ingreso o salida. También las rondas se hacen muy rápidamente sin vigilar con detenimiento. Falta iluminación en el área de la reserva. Control de salida de los vehículos de las construcciones, revisión de lo que llevan. \r\nEl apoyo de cámaras es necesario pero también que los guardas hagan bien su labor de vigilancia', '2026-02-10 09:04:37', 0, ''),
(6, 8, 46, 'Estamos de acuerdo. Proponemos incluir en agenda la valoración de la cancha multiuso y gimnasio para el condominio', '2026-02-10 10:22:33', 0, ''),
(7, 6, 46, 'Sí, el lote donde está el árbol grande por el parque de perros se podría considerar. Una idea es evaluar incluirle una pista de patinetes, bicis, patines (tengo contactos) y área de juegos moderno para todas las edades que integre ese árbol (tengo contactos)', '2026-02-10 10:46:12', 0, ''),
(8, 2, 46, 'Como complemento, proponemos investigar sobre la iniciativa comunidad organizada contra el hampa', '2026-02-10 10:50:20', 0, ''),
(9, 10, 1, 'Claro me parece que el Rancho ha incrementado su tamaño y mejorado sus muebles. 20 mil podria ser una propuesta, no se que opinan', '2026-02-10 10:58:21', 0, ''),
(10, 10, 63, 'Me parece muy acertado y estoy de acuerdo con los 20 mil.', '2026-02-10 11:01:28', 0, ''),
(11, 2, 63, 'Estoy de acuerdo con apoyarnos en la tecnología (cámaras) en linderos o áreas perimetrales, de igual forma revisión exhaustita de áreas vulnerables y medidas preventivas, así como revisión periódica.\r\nNo obstante, también me gustaría señalar algunas inquietudes respecto a otras medidas, como el uso del dispositivo Quick Pass. Según tengo entendido, actualmente no existe una fiscalización efectiva que garantice que, una vez solicitado un dispositivo, este sea utilizado únicamente en el vehículo autorizado, lo cual podría representar una vulnerabilidad en el control de accesos.', '2026-02-10 11:12:07', 0, ''),
(12, 12, 1, 'Habiamos consultado con el Desarrollador el Precio del Lote es de $65mil, puede dar un descuento de $2000 , pero nos indican que no Permite financiamiento para la compra del mismo.', '2026-02-10 13:34:02', 0, ''),
(13, 12, 42, 'Este proyecto requiere una inversión alta y quizás no es factible realizarlo al corto plazo pero es realmente necesario dado que hay muchos niños en el condominio, por lo que se podría poner sobre la mesa y realizar un plan a más largo plazo para ir haciendo un fondo con este objetivo.', '2026-02-10 15:53:40', 0, ''),
(15, 14, 1, 'Claro es una buena idea, de hecho en algún momento se había mencionado que la 3era etapa del Rancho era un segundo Piso, no estaba definido su uso pero un Gimnasio puede ser uno de ellos.', '2026-02-10 20:25:14', 0, ''),
(16, 1, 43, 'Yo estoy de acuerdo con este tema.', '2026-02-10 21:02:37', 0, ''),
(17, 14, 43, 'Estoy de acuerdo !', '2026-02-10 21:08:43', 0, ''),
(18, 9, 1, 'Creo que el objetivo principal debería ser buscar un equilibrio entre convivencia, seguridad y aprovechamiento de los espacios comunes.\n\nSería bueno que más vecinos compartan su punto de vista para ver si realmente existe una necesidad general de ajuste o si el reglamento actual funciona como está.', '2026-02-11 06:58:15', 0, ''),
(19, 14, 1, 'Por aca unas images de lo que se habia presentado', '2026-02-11 14:37:01', 0, ''),
(20, 15, 53, 'Se pueden financiar si se ejecuta algunas cláusulas del reglamento.\r\n\r\nEl desarrollador tiene mas de 40 lotes.', '2026-02-12 00:31:14', 0, ''),
(24, 14, 63, 'Sí, es una excelente idea. Contar con un gimnasio en el condominio promueve un estilo de vida saludable, ahorra tiempo y costos a los residentes, fortalece la convivencia y aumenta la plusvalía del condominio. El gimnasio podría integrarse de manera armoniosa en la zona boscosa, con una intervención mínima, respetando la vegetación existente y garantizando que no se afecte el equilibrio natural.', '2026-02-13 16:14:07', 0, ''),
(25, 13, 42, 'De acuerdo, es un tema prioritario que tenemos que revisar. También me llama la atención lo jóvenes que son algunos oficiales de seguridad así como la rotación del personal, y si cuentan con el entrenamiento adecuado para realizar su labor.', '2026-02-13 19:15:33', 0, ''),
(26, 2, 88, 'Yo prefiero cambiar de proveedor, el actual siempre ha tenido una rotacion de personal muy alta, ademas de que no es responsable de sus cargas sociales. Lo que debe generar descontento entre los colaboradores. Esto es bien sabido desde hace años', '2026-02-13 19:45:04', 0, ''),
(27, 5, 88, 'El tema de las camaras en los linderos es si estarian apuntado dentro de las  FF o hacia el lote de a la par? Yo no estaria de acuerdo de tener una camara 24/7 apuntando a mi patio y perder mi privacidad', '2026-02-13 19:50:04', 0, ''),
(28, 13, 88, 'Cierto, se necesita una empresa seria que de la talla', '2026-02-13 19:54:19', 0, ''),
(29, 14, 89, 'Excelente idea, alma sana en cuerpo sano', '2026-02-13 20:34:00', 0, ''),
(30, 11, 46, 'A mí me parece que el reglamento está completo y claro.', '2026-02-13 21:18:02', 0, ''),
(31, 18, 37, 'Yo pienso qué ahí tiene espacio para hacer 2 ranchitos, para hasta 15 personas y 1 baño. Así en rancho principal solo se hacen fiestas para más de 15.', '2026-02-18 09:58:55', 0, ''),
(32, 17, 37, 'Esta paleta ya esta ultrapasada, no son colores de casas modernas como las qué tenemos en nuestro condo y sí colores de casas coloniales. \r\nYo veo nuestro condo muy lindo, solamente colores clasicas.\r\nNo tiene azul, rojo, verde.', '2026-02-18 10:01:41', 0, ''),
(33, 16, 37, 'Yo creo qué tiene qué cobrar.\r\nPués el desarrollador no ayuda en nada. \r\n\r\nY pagamos por sus lotes.', '2026-02-18 10:03:46', 0, ''),
(34, 15, 37, 'Pero cómo pagar financiamiento sin pagarmos extra?', '2026-02-18 10:05:06', 0, ''),
(35, 12, 37, 'No permite financiamiento? Pero se compramos el lote por un banco no podemos financiar? Y este valor esta demasiado alto. No van lograr venderlo.', '2026-02-18 10:08:21', 0, ''),
(36, 9, 37, 'És permitido quedarse en rancho y hacer atividades. \r\nNosotros muchas veces vamos a trabajar ahí. \r\nSolo no se puede en dia qué esta con fiesta', '2026-02-18 10:10:54', 0, ''),
(37, 5, 37, 'És necesario qué los guardas apunten todos qué entran y confirme al saliren, Se están en busetas, qué haga con qué todos bajen para mirar sus documentos. \r\nEn buseta entran trabajadores qué siquiera tienen documentos.\r\nY además para conferir se están a salir todos!', '2026-02-18 10:14:23', 0, ''),
(38, 2, 37, 'Esto sticker para entrar y salor del condo, no Funciona bien, tenemos qué pensar en otro', '2026-02-18 10:15:50', 0, ''),
(39, 21, 99, 'Estoy de acuerdo con esta propuesta', '2026-02-18 10:33:57', 0, ''),
(40, 21, 99, 'Estaría de acuerdo solo si se habilitan las 3 opciones, es decir que siempre este la opcion de reservar todo el día, ya que podemos tener celebraciones que van a ocupar mayor planeacion, logistica o de mayor tiempo por proveedores por lo que creo que limitarlo a solo dos opciones no seria lo ideal.', '2026-02-18 10:36:35', 0, ''),
(41, 21, 37, 'Pero se en otros condos se logra hacer, porqué para nosotros no se lograria?', '2026-02-18 10:41:23', 0, ''),
(42, 21, 37, 'Se habilitar las 3 opciones, siempre van elegir todo el dia.  \r\nCuando hacemos fiestas afuera del condo, tenemos qué organizar todo en lo tiempo qué los espacios hablan, no és posible qué sea necesario una fiesta tener 15horas.', '2026-02-18 10:43:19', 0, ''),
(43, 22, 59, 'Ya tenemos un fondo de reserva, esto se puede ver en los estados financieros', '2026-02-18 10:54:51', 0, ''),
(44, 21, 70, 'En muchos otros condominios tienen las 3 opciones y funciona, creo que cada uno puede determinar y ser justo en cuanto al tiempo que se necesita y pensar en las necesidades de los demás, en mi caso he tenido activades de ambos tipos, algunas donde ya a las 2 no había nadie y otras donde he ocupado todo el día, deberiamos de apostar porque tenemos la capacidad y empatia de dejarlo a decision de cada uno de acuerdo a cada escenario y necesidad', '2026-02-18 11:05:39', 0, ''),
(45, 18, 84, 'Me gusta la idea, pero no estoy de acuerdo a limitarlo únicamente para el uso de los condóminos.', '2026-02-18 11:14:39', 0, ''),
(46, 21, 37, 'Mario, en otros condos és como yo escribí, se no tiene otra persona interesada, la persona puede quedarse con todo el dia. \r\nÉs imposible qué tengamos sabados para todos, sabemos qué por la semana no se logra hacer fiestas, pues trabajamos. \r\nSeria o compartir o liberar hacer en domingo, qué sea medio tiempo en domingo.\r\nPero cómo esta, és imposible.', '2026-02-18 11:22:26', 0, ''),
(47, 18, 36, 'Me gusta la idea, pero creo que espacio muy importante liminar y dejar claro el tema del ruido y las actividades permitidas. En los alrededores muy cercanos hay muchas casas.', '2026-02-18 12:08:42', 0, ''),
(48, 21, 37, 'Pero se hace todo el día, lo correcto és pagar la cota en doble. Pués porque algunos quieren hacer 15/16 horas de fiestas, los demás vecinos son obrigados a hacer fiestas afuera, pagando caro y solamente 3/ 4 horas de fiesta.\r\nPero todos pagamos la luz y lo mantenimiento de lo rancho.', '2026-02-18 18:20:45', 0, ''),
(49, 21, 70, 'Beth, no todos los condominios son así, puede que muchos sean como ud dice más no todos, lo digo con conocimiento también. Además, nosotros si estamos de acuerdo en incluir las otras dos opciones al reglamento pero no que sean las unicas por los motivos explicados arriba. Por otro lado no necesariamente reservar el rancho todo el día signifique que la fiesta tiene una duración de 15 horas… y todos pagamos Mantenimiento reservemos o no, el año pasado solo lo use una vez y tampoco pienso que por eso otros deban de pagar mas por utilizarlo, pero claro que todos son puntos que se pueden debatir con todos los vecinos y llegar a una decision donde la mayoría se sienta mas comoda.', '2026-02-18 19:35:49', 0, ''),
(50, 1, 16, 'Es importante aclarar que NO es CALENTAR, es temperar, quitar el frío para que sea mas confortable, y se puede regular según se ocupe por época.', '2026-02-18 20:38:07', 0, ''),
(51, 23, 37, 'Yo estou de acuerdo. No veo un trabajo efectivo, también tuve problemas con ellos muchas veces, y siempre con un tono cómo se estuviera haciendo un favor. \r\nNo escucha las quejas, no contesta.\r\nY además del tema de lo qué paso con la seguridad del condo.\r\n\r\nHay muchas empresas de calidad.\r\nNuestro condominio no tiene mantenimiento preventivo, no tiene una gestión efectiva.', '2026-02-20 14:07:09', 0, ''),
(52, 23, 79, 'Buenas tardes, de parte nuestra, tuvimos malas experiencias, un mal trato, por lo que estamos de acuerdo en buscar nuevas alternativas.', '2026-02-20 14:10:30', 0, ''),
(53, 20, 37, 'Estou de acuerdo y pueden contar con mi apoyo para este grupo.', '2026-02-20 14:35:47', 0, ''),
(54, 13, 99, 'El tema de seguridad me parece el prioritario a trabajar de manera inmediata. De nada nos sirve tener un lindo gimnasio, piscina temperada, jardín, canchas etc, si no nos sentimos seguros en casa.  De volver a ocurrir eventos de seguridad como el reciente, es posible que nos replanteemos si este es el lugar donde queremos vivir.', '2026-02-20 14:51:35', 0, ''),
(55, 23, 53, 'Opino similar, además tenemos un reglamento que no se cumple eso hace que el condominio tenga pérdidas importantes de dinero y deje de percibir otros montos.... podría decir que podría ascender unos 7 u 8 millones al año, que nos toca poner en cuotas extras para proyectos.\r\n\r\nAdicional a la falta de seguimiento del condominio en general.\r\n\r\nTampoco fiscalizan a los proveedor asi que ellos prefieren que el nosotros asumamos reparaciones antes de exigir garantías el año pasado me parece este monto asciende el millón de colones.\r\n\r\nTambien proyecto donde se invierte dinero y no se tiene control del gasto una remodelación de piscina y rancho por mas de 28 millones colones. \r\n\r\nHay muchos ejemplo como estos no cuidan el dinero que deberían responsabilizarse.', '2026-02-20 14:54:36', 0, ''),
(56, 23, 46, 'Muy de acuerdo con el comentario de Mike. Podríamos empezar a proponer otras administraciones para hacer una evaluación detallada, establecer los criterios/normas de selección y asegurar una buena continuidad si fuera el caso. En el condominio donde vive mi mamá tuvieron una muy mala experiencia al despedir a la administración actual, incluso con pérdidas monetarias y pasaron más de 6 meses sin administración. Quisiera evitar que nos pase lo mismo.', '2026-02-20 16:14:10', 0, ''),
(57, 23, 88, 'Concuerdo. Claro ejemplo es el portón de la entrada que a cada rato está malo. La administración lo recibo saliendo que no cumpla con las especificaciones solicitadas en el diseño.', '2026-02-20 16:14:13', 0, ''),
(58, 20, 53, 'Me parece bien , creo Labuto ha realizado un excelente labor uniendo al condominio', '2026-02-20 18:28:24', 0, ''),
(59, 17, 53, 'Eso esta super bien lo que pasa es que si no respeta o llegamos a un acuerdo si alguien quiere pintar la casa celeste o rojo no se puede decir que no...\r\n\r\nAhora para tener casas modernas tampoco debería exigirse teja de ningún tipo...\r\n\r\nEl tema es que todos deben estar alineados.\r\n\r\nHay casa con celeste, con naranja, con negro, grises, cafés, etc... no hay una linea.', '2026-02-20 18:32:13', 0, ''),
(60, 15, 53, 'Hay un rubro en el reglamento que no se cobra alrededor de uno 6 o 7 millones al año o más. Y adicional a ellos el condominio invierte calculo conservadoramente unos 4 Millones .... asi que ahi tenemos unos posibles 10 Millones al año que no tenemos que pagar por cobros que no hace la administración en este caso al desarrollador', '2026-02-20 18:36:07', 0, ''),
(61, 13, 53, 'De acuerdo con todos', '2026-02-20 18:37:23', 0, ''),
(62, 10, 53, 'Me parece que la cuota debe estar sustentado con la realidad de que cuesta tenerlo a todo.... si 20 mil esta bien que sea asi.... pero si es 15 también esta bien... pero que analicemos por que , si se tiene que evaluar hasta limpieza de una empresa por la parrilla 20 mil es poco.', '2026-02-20 18:39:50', 0, ''),
(63, 8, 53, 'Me parece super bien.', '2026-02-20 18:40:56', 0, ''),
(64, 16, 45, 'Yo siempre he tenido la duda sobre el lote al frente, a este lote se le da amtenimiento y se cobra como un solo lote, este terreno es mucho más gra de que el resto, sin embargo paga como uno solo. Podrí proponerse que este lote pague como unos 8 lotes, dependiendo de su tamaño. Creo que sería lo justo.', '2026-02-20 21:58:29', 0, '');

-- --------------------------------------------------------

--
-- Table structure for table `respuestas_encuesta`
--

CREATE TABLE `respuestas_encuesta` (
  `id` int(11) NOT NULL,
  `id_encuesta` int(11) NOT NULL,
  `id_user` int(11) NOT NULL,
  `detalle` text NOT NULL,
  `fecha` datetime NOT NULL
) ENGINE=InnoDB DEFAULT CHARSET=utf8mb3 COLLATE=utf8mb3_general_ci;

--
-- Dumping data for table `respuestas_encuesta`
--

INSERT INTO `respuestas_encuesta` (`id`, `id_encuesta`, `id_user`, `detalle`, `fecha`) VALUES
(1, 1, 42, '55', '2026-02-09 15:49:35'),
(2, 2, 42, '50', '2026-02-09 15:49:49'),
(3, 1, 83, '50', '2026-02-09 17:22:55'),
(4, 2, 83, '43', '2026-02-09 17:23:14'),
(5, 1, 95, '9', '2026-02-09 17:28:11'),
(6, 2, 95, '5', '2026-02-09 17:28:20'),
(7, 1, 61, '0', '2026-02-09 17:36:41'),
(8, 2, 61, '30', '2026-02-09 17:36:51'),
(9, 1, 68, '40', '2026-02-10 07:59:00'),
(10, 2, 68, '50', '2026-02-10 07:59:38'),
(11, 1, 87, '19', '2026-02-10 08:30:35'),
(12, 2, 87, '8', '2026-02-10 08:30:45'),
(13, 2, 48, '0', '2026-02-10 08:54:12'),
(14, 1, 48, '50', '2026-02-10 08:54:15'),
(15, 1, 31, '45', '2026-02-10 09:03:24'),
(16, 2, 31, '50', '2026-02-10 09:03:28'),
(17, 1, 101, '10', '2026-02-10 09:06:47'),
(18, 2, 101, '5', '2026-02-10 09:07:00'),
(19, 1, 38, '70', '2026-02-10 09:18:50'),
(20, 2, 38, '40', '2026-02-10 09:19:22'),
(21, 1, 88, '40', '2026-02-10 10:25:19'),
(22, 2, 88, '20', '2026-02-10 10:25:29'),
(23, 1, 25, '10', '2026-02-10 10:41:39'),
(24, 2, 25, '0', '2026-02-10 10:41:57'),
(25, 2, 24, '20', '2026-02-10 11:14:02'),
(26, 1, 24, '20', '2026-02-10 11:14:14'),
(27, 1, 98, '70', '2026-02-10 14:02:24'),
(28, 2, 98, '40', '2026-02-10 14:02:31'),
(29, 2, 70, '0', '2026-02-10 16:12:14'),
(30, 1, 70, '25', '2026-02-10 16:12:35'),
(31, 1, 9, '80', '2026-02-10 17:01:56'),
(32, 2, 9, '50', '2026-02-10 17:02:05'),
(33, 2, 91, '36', '2026-02-10 20:03:37'),
(34, 1, 91, '56', '2026-02-10 20:03:47'),
(35, 1, 16, '29', '2026-02-11 23:58:58'),
(36, 2, 16, '29', '2026-02-11 23:59:23'),
(37, 2, 16, '29', '2026-02-11 23:59:23'),
(38, 2, 16, '29', '2026-02-11 23:59:24'),
(39, 1, 107, '100', '2026-02-13 19:50:44'),
(40, 2, 107, '70', '2026-02-13 19:51:10'),
(41, 2, 71, '0', '2026-02-13 19:57:17'),
(42, 1, 71, '32', '2026-02-13 19:57:32'),
(43, 1, 106, '75', '2026-02-13 21:00:52'),
(44, 2, 106, '20', '2026-02-13 21:01:44'),
(45, 1, 39, '100', '2026-02-16 13:19:58'),
(46, 2, 39, '30', '2026-02-16 13:20:52'),
(48, 1, 89, '23', '2026-02-18 10:26:32'),
(49, 2, 89, '25', '2026-02-18 10:26:38'),
(50, 1, 103, '50', '2026-02-18 16:12:38'),
(51, 2, 103, '22', '2026-02-18 16:12:48'),
(52, 1, 0, '86', '2026-02-20 14:36:23'),
(53, 2, 0, '22', '2026-02-20 14:36:36'),
(54, 1, 133, '50', '2026-02-26 17:34:01'),
(55, 2, 133, '50', '2026-02-26 17:34:06'),
(56, 2, 13, '0', '2026-02-26 18:01:31'),
(57, 1, 13, '0', '2026-02-26 18:01:40');

-- --------------------------------------------------------

--
-- Table structure for table `respuestas_likes`
--

CREATE TABLE `respuestas_likes` (
  `id` int(11) NOT NULL,
  `id_respuesta` int(11) NOT NULL,
  `id_user` int(11) NOT NULL,
  `likes` int(11) NOT NULL
) ENGINE=InnoDB DEFAULT CHARSET=utf8mb3 COLLATE=utf8mb3_general_ci;

--
-- Dumping data for table `respuestas_likes`
--

INSERT INTO `respuestas_likes` (`id`, `id_respuesta`, `id_user`, `likes`) VALUES
(1, 1, 1, 1),
(2, 1, 78, 1),
(3, 5, 46, 1),
(4, 3, 46, 1),
(5, 6, 21, 1),
(6, 6, 46, 1),
(7, 3, 63, 1),
(8, 11, 58, 1),
(9, 7, 61, 1),
(10, 7, 0, 1),
(11, 5, 36, 1),
(12, 16, 1, 1),
(13, 13, 61, 1),
(14, 19, 70, 1),
(15, 15, 70, 1),
(16, 22, 57, 1),
(17, 21, 57, 1),
(18, 24, 78, 1),
(19, 19, 42, 1),
(20, 3, 88, 0),
(21, 24, 1, 1),
(22, 25, 1, 1),
(23, 26, 1, 1),
(24, 19, 89, 1),
(25, 21, 0, 1),
(26, 24, 0, 1),
(27, 25, 0, 1),
(28, 24, 70, 1),
(29, 29, 70, 1),
(30, 17, 70, 1),
(31, 9, 1, 1),
(32, 13, 90, 1),
(33, 30, 90, 1),
(34, 9, 90, 1),
(35, 10, 90, 1),
(36, 8, 90, 1),
(37, 21, 37, 1),
(38, 25, 37, 1),
(39, 13, 37, 1),
(40, 30, 37, 1),
(41, 6, 37, 1),
(42, 11, 37, 1),
(43, 26, 37, 1),
(44, 40, 0, 1),
(45, 39, 0, 0),
(46, 39, 37, 1),
(47, 40, 37, 0),
(48, 42, 37, 1),
(49, 40, 1, 1),
(50, 25, 61, 1),
(51, 20, 61, 1),
(52, 42, 70, 0),
(53, 31, 84, 1),
(54, 44, 1, 1),
(55, 39, 21, 0),
(56, 25, 26, 1),
(57, 43, 1, 1),
(58, 40, 101, 1),
(59, 39, 101, 0),
(60, 44, 101, 1),
(61, 39, 59, 0),
(62, 40, 59, 0),
(63, 42, 59, 0),
(64, 40, 65, 1),
(65, 40, 36, 1),
(66, 44, 36, 1),
(67, 40, 55, 1),
(68, 40, 42, 1),
(69, 40, 100, 1),
(70, 15, 100, 1),
(71, 19, 100, 1),
(72, 6, 100, 1),
(73, 5, 100, 1),
(74, 8, 100, 1),
(75, 26, 100, 1),
(76, 1, 100, 1),
(77, 40, 45, 1),
(78, 48, 70, 0),
(79, 21, 70, 1),
(80, 30, 70, 1),
(81, 47, 70, 1),
(82, 43, 85, 1),
(83, 40, 85, 1),
(84, 47, 85, 1),
(85, 21, 85, 1),
(86, 24, 85, 1),
(87, 19, 85, 1),
(88, 13, 85, 1),
(89, 3, 85, 1),
(90, 49, 16, 1),
(91, 44, 16, 1),
(92, 40, 16, 1),
(93, 47, 16, 1),
(94, 9, 16, 1),
(95, 10, 16, 1),
(96, 6, 16, 1),
(97, 1, 16, 1),
(98, 16, 16, 1),
(99, 30, 46, 1),
(100, 48, 37, 1),
(101, 49, 37, 1),
(102, 51, 39, 1),
(103, 52, 39, 1),
(104, 51, 88, 1),
(105, 52, 86, 1),
(106, 24, 99, 0),
(107, 42, 86, 1),
(108, 52, 53, 1),
(109, 51, 53, 1),
(110, 55, 39, 1),
(111, 52, 88, 1),
(112, 56, 53, 1),
(113, 57, 53, 1),
(114, 53, 53, 1),
(115, 25, 53, 1),
(116, 28, 53, 1),
(117, 30, 53, 1),
(118, 5, 53, 1),
(119, 56, 46, 1),
(120, 39, 33, 0),
(121, 40, 63, 1),
(122, 53, 1, 1);

-- --------------------------------------------------------

--
-- Table structure for table `servicios`
--

CREATE TABLE `servicios` (
  `id` int(11) NOT NULL,
  `titulo` varchar(1000) NOT NULL,
  `detalle` text NOT NULL,
  `id_categoria` int(11) NOT NULL,
  `fecha` datetime NOT NULL,
  `creador` int(11) NOT NULL,
  `tipo` varchar(5) NOT NULL COMMENT 'int interno, ext externo',
  `estado` varchar(20) NOT NULL
) ENGINE=InnoDB DEFAULT CHARSET=utf8mb3 COLLATE=utf8mb3_general_ci;

--
-- Dumping data for table `servicios`
--

INSERT INTO `servicios` (`id`, `titulo`, `detalle`, `id_categoria`, `fecha`, `creador`, `tipo`, `estado`) VALUES
(1, 'Cortar el ZACATE', 'Don Evaristo +506 8448 6604  muy honrado, el equipo de trabajo es muy bueno, trabajan 2 o mas trabajadores', 2, '2025-12-17 22:56:47', 1, '', '1'),
(2, 'REPARACION DE LAVADORAS', 'DON WILLIAN VENEZOLANO. VIVE CERCA 25 mil inspeccion .+506 7014 1213 , ve todo tipo de electrodomesticos.', 10, '2025-12-17 23:24:26', 1, '', '1'),
(3, 'Fernando Zacate', '+506 6099 6613', 2, '2025-12-17 23:30:40', 1, '', '1'),
(4, 'SSS', 'SS', 2, '2025-12-17 23:31:56', 1, '', '1'),
(5, 'sdasa', 'sss', 6, '2025-12-17 23:32:32', 1, '', '1'),
(6, 'Goteras Hojaletero', 'Andres Sibaja 83447338', 11, '2026-01-07 17:50:55', 1, '', '1');

-- --------------------------------------------------------

--
-- Table structure for table `servicios_respuestas`
--

CREATE TABLE `servicios_respuestas` (
  `id` int(11) NOT NULL,
  `id_tema` int(11) NOT NULL,
  `id_user` int(11) NOT NULL,
  `detalle` text NOT NULL,
  `fecha` datetime NOT NULL,
  `id_respuesta` int(11) NOT NULL DEFAULT 0,
  `estado` varchar(20) NOT NULL
) ENGINE=InnoDB DEFAULT CHARSET=utf8mb3 COLLATE=utf8mb3_general_ci;

--
-- Dumping data for table `servicios_respuestas`
--

INSERT INTO `servicios_respuestas` (`id`, `id_tema`, `id_user`, `detalle`, `fecha`, `id_respuesta`, `estado`) VALUES
(2, 3, 1, 'OK. alguien de la vez pasada Alguna persona que estuvo involucrada anteriormente en obtener esta bandera, nos podria guiar un poco al respecto o si alguien sabe algo que pueda aportarlo.', '2024-05-30 21:53:08', 0, '1'),
(3, 3, 33, 'Hola! yo puse un caso en HAC para consultarle al administrador y me dijo que es una certificación anual y que él actualizó por su parte el año siguiente pero que sugiere la creación de un comité de vecinos que prepare el plan para renovar la certificación.', '2024-06-03 09:22:40', 0, '1'),
(6, 3, 33, 'Estuvimos Ingrid Meza, Gloriana Azofeifa y yo, lo que se hace es validar los lineamientos que da el AyA y gestionar los planes, o evidenciar que se cumple, por ejemplo separar los residuos, composteras en las casas, limpieza del rio... etc\n', '2024-06-03 10:01:46', 0, '1'),
(7, 3, 1, 'Gracias Caro. \nPodrían apuntarse 3 Vecinos para ver si retomamos esto y podemos volver a ser Bandera azul. Si alguno puede colaborar favor anotarse acá abajo. ', '2024-06-03 10:47:07', 0, '1'),
(8, 4, 1, '\n\n* Copiar y pegar la lista.\n1. Beth, Leo y Matteo casa 89\n2. ⁠Karen , Jorge, Avril, Mari Casa 24\n3. ⁠Diana, Luis, Luis D. casa 63\n4. Alexis y Alejandra casa 83', '2024-06-05 19:14:37', 0, '1'),
(11, 4, 46, '1. Beth, Leo y Matteo casa 89\n2. ⁠Karen , Jorge, Avril, Mari Casa 24\n3. ⁠Diana, Luis, Luis D. casa 63\n4. Alexis y Alejandra casa 83\n5. Alejandro, Ingrid, bebé Ali. Casa 88', '2024-06-05 19:59:52', 0, '1'),
(12, 3, 46, 'Yo con mucho gusto apoyo ', '2024-06-05 20:01:10', 0, '1'),
(13, 5, 59, 'Buenos días, el tema de la cancha esta dentro de la lista de proyectos por realizar, sin embargo como vimos en la asamblea en este momento no tenemos presupuesto para llevar a cabo algún proyecto, sería únicamente por cuota extraordinaria y el que tenemos como prioridad de momento por realizar sería la segunda parte del rancho, pero si es un tema que nos gustaría a todos y tenemos dentro de lo propuesto.\r\nComo Comité visualizamos la compra de un lote al desarrollador para poder tener una cancha multiusos sin embargo va a depender de la votación de todos', '2024-06-06 09:54:37', 0, '1'),
(14, 6, 1, 'Hola Manfred, No lo tengo en github, talvez luego lo suba cuando tenga chance, que bueno saber que puedo tener una manita extra en php , aveces no hay tiempo para esto, y este sitio lo saqué a ratitos, podemos conversar, por correo alexis.andrade@gmail.com o whatsapp 88795983 , si tienes alguna sugerencia o comentario para mejora, me la haces saber, o si puedes trabajar algun modulo independiente lo vamos integrando.\r\n', '2024-06-06 10:02:50', 0, '1'),
(15, 4, 61, '1. Beth, Leo y Matteo casa 89\n2. ⁠Karen , Jorge, Avril, Mari Casa 24\n3. ⁠Diana, Luis, Luis D. casa 63\n4. Alexis y Alejandra casa 83\n5. Alejandro, Ingrid, bebé Ali. Casa 88\n6.Miguel, Indira y Miguel (hijo)', '2024-06-06 10:46:42', 0, '1'),
(16, 5, 34, 'Hola buen día, me gustaría que comentaran o inclusive detallar (información), la segunda etapa del proyecto a desarrollar en el rancho, gracias.', '2024-06-06 12:06:45', 0, '1'),
(17, 5, 57, 'Buenas don Jorge, La segunda corresponde a la extension del salón principal con  deck y techo. Ya se cuenta con el diseño, por lo que corresponde iniciar las cotizaciones, con el fin de analizar la viabilidad económica y las acciones a tomar para solventar esta parte\r\n\r\n<a href=\"https://lacallecr.com/VV/images/ext_rancho_1.jpg\" target=\"_blank\">IMAGE 1</a>\r\n<a href=\"https://lacallecr.com/VV/images/ext_rancho_2.jpg\" target=\"_blank\">IMAGE 2</a>\r\n<a href=\"https://lacallecr.com/VV/images/ext_rancho_3.jpg\" target=\"_blank\">IMAGE 3</a>', '2024-06-06 15:22:28', 0, '1'),
(18, 4, 58, '1. Beth, Leo y Matteo casa 89\n2. ⁠Karen , Jorge, Avril, Mari Casa 24\n3. ⁠Diana, Luis, Luis D. casa 63\n4. Alexis y Alejandra casa 83\n5. Alejandro, Ingrid, bebé Ali. Casa 88\n6.Miguel, Indira y Miguel (hijo)\n7.Arturo,Irene, bebé Clara', '2024-06-06 20:11:59', 0, '1'),
(19, 5, 34, 'Muchas gracias por la respuesta. Saludos.', '2024-06-07 15:17:58', 0, '1'),
(20, 5, 20, 'Hola nosotros estamos en proceso de construcción pero en la última reunión vi y leí la necesidad de esta cancha multiuso! Eso eleva la plusvalía del condominio  y los niños ( que vi que son muchos ) podrán disfrutarlo. ', '2024-06-07 20:48:26', 0, '1'),
(21, 4, 20, 'Pueden participar los que están en proceso de construcción ? ', '2024-06-07 20:50:20', 0, '1'),
(22, 4, 27, '8. Katerin, Azarias, Yudith, 2 bebés ', '2024-06-09 10:26:40', 0, '1'),
(23, 5, 46, 'Podríamos evaluar proponer ambos? O incluso por.etapas igual que el rancho, orden de prioridad? Ej este año rancho y compra de lote para cancha y el otro ejecución ', '2024-06-11 09:22:30', 0, '1'),
(24, 4, 38, '1. Beth, Leo y Matteo casa 89\n2. ⁠Karen , Jorge, Avril, Mari Casa 24\n3. ⁠Diana, Luis, Luis D. casa 63\n4. Alexis y Alejandra casa 83\n5. Alejandro, Ingrid, bebé Ali. Casa 88\n6.Miguel, Indira y Miguel (hijo)\n7.Arturo,Irene, bebé Clara\n8. Katerin, Azarias, Yudith, 2 bebés', '2024-06-11 10:53:59', 0, '1'),
(25, 4, 38, 'Ana Castro, puede en construccion y lotes.', '2024-06-11 10:54:36', 0, '1'),
(26, 5, 38, 'No és posible hacer la cancha en lote a par de la estacion de tratamento? Ya és un espacio del condo.\nY lo rancho no seria mejor pensar en hacer un segundo piso qué ampliar? En segundo piso poderia tener una sala de gym, coworking y un espacio pequeño para fiestas hasta 15 personas. \nEn un condo en santa ana yo veí esto, voy a buscar fotos.', '2024-06-11 10:59:22', 0, '1'),
(27, 5, 59, 'Hola Beth de hecho cuando se hizo la primera remodelación del rancho dentro del proyecto se tomó en consideración esta segunda parte que es la de las imágenes y como una tercera etapa el segundo piso, ambas etapas y la compra de un lote para cancha multiusos son parte de los próximos proyectos, los cuales podrán ejecutarse según votaciones y presupuesto.\nCon respecto a lo que indica de que el lote de la par de la planta de tratamiento es del condo, esto no es correcto es del desarrollador, de hecho es la mejor ubicación que hemos visto al menos los miembros del Comité para poder hacer la cancha pero para esto tendríamos que comprarlo.\n', '2024-06-11 12:16:25', 0, '1'),
(28, 8, 59, 'Hola Ingrid, vamos a solicitarle a Carlos que envíe un correo para ver si hay voluntarios para formar un equipo o brigada de emergencias.', '2024-06-11 12:32:37', 0, '1'),
(29, 5, 59, 'Procedemos a cerrar este tema será valorado como proyecto en próximas asambleas', '2024-06-14 06:58:21', 0, '2'),
(30, 8, 59, 'Se solicitará a Carlos enviar correo para ver si hay voluntarios', '2024-06-14 06:59:15', 0, '2'),
(31, 9, 59, 'Hola buenas tardes Jorge muchas gracias por la sugerencia la vamos a analizar', '2024-06-20 18:34:07', 0, '1'),
(32, 4, 27, 'Hola en mi caso ya no voy a poder asistir. Por favor quitarme de la lista :(\nSoy el #8', '2024-06-24 14:49:18', 0, '1'),
(33, 4, 1, 'Muchas gracias por la actividad', '2024-07-04 16:41:10', 0, '2'),
(34, 11, 1, 'Me parece genial. Yo podría colaborar, veamos quien más puede  y vemos que podemos aportar los vecinos de valle verde.', '2024-11-29 17:48:21', 0, '1'),
(35, 9, 54, 'Hola. A mi me parece una excelente idea, ojalá la pudiéramos concretar ahora que viene el verano.', '2024-11-30 08:54:56', 0, '1'),
(36, 11, 54, 'Ya conversé con la vecina de Veredas que está recogiendo el dinero. La contribución es voluntaria y sería solo para los materiales ya que la mano de obra la va a poner uno de los vecinos que tiene un lavacar. El dinero hay que hacerlo llegar a más tardar el lunes por la mañana porque el martes temprano se harían los trabajos.', '2024-11-30 11:43:36', 0, '1'),
(37, 11, 1, 'a cual número se hace sinpe se hace el envío de dinero', '2024-12-02 11:22:55', 0, '1'),
(38, 11, 54, 'Sinpe al número 8827-2186 a nombre de Hannia Carlina Barrantes Serrano, que vive en Veredas', '2024-12-03 20:12:36', 0, '1'),
(39, 11, 1, 'TEMA VIEJO NO HUBO MUCHO APOYO', '2025-12-15 23:57:44', 0, '2'),
(40, 9, 1, 'Esto se cubrió con la compra de la pérgola', '2025-12-16 10:54:39', 0, '2'),
(41, 21, 1, '', '2025-12-17 02:12:31', 0, '1'),
(45, 25, 1, 'asdasd', '2025-12-17 10:07:22', 0, '1'),
(46, 25, 1, 'sss', '2025-12-17 10:08:04', 0, ''),
(47, 27, 1, 'TODO BIEN VEAMOS', '2025-12-17 12:03:26', 0, '1'),
(48, 27, 1, 'TODO BIEN', '2025-12-17 12:34:48', 0, '');

-- --------------------------------------------------------

--
-- Table structure for table `telegram`
--

CREATE TABLE `telegram` (
  `id` int(11) NOT NULL,
  `nickname` varchar(50) NOT NULL,
  `filial` int(11) NOT NULL,
  `phone_id` varchar(100) NOT NULL,
  `type` int(11) NOT NULL DEFAULT 1,
  `date_added` date NOT NULL
) ENGINE=InnoDB DEFAULT CHARSET=utf8mb3 COLLATE=utf8mb3_general_ci;

--
-- Dumping data for table `telegram`
--

INSERT INTO `telegram` (`id`, `nickname`, `filial`, `phone_id`, `type`, `date_added`) VALUES
(2, 'Alexis Andrade', 83, '691036561', 1, '2024-05-30'),
(3, 'BETH_LABUTO', 89, '7473592592', 2, '2024-06-03'),
(4, 'AZARIAS_ARCE_MATA', 97, '7016954897', 2, '2024-06-03'),
(5, 'MANFRED', 106, '10324150', 2, '2024-06-05'),
(6, 'KIM', 16, '7057662736', 1, '2024-06-06'),
(7, 'KAROL', 48, '7200089386', 1, '2024-06-06'),
(8, 'INDIRA_CALVO_GOULD', 101, '7496434107', 2, '2024-06-06'),
(9, 'KIMBERLY', 98, '6485444284', 2, '2024-06-06');

-- --------------------------------------------------------

--
-- Table structure for table `temas`
--

CREATE TABLE `temas` (
  `id` int(11) NOT NULL,
  `titulo` varchar(1000) NOT NULL,
  `detalle` text NOT NULL,
  `id_categoria` int(11) NOT NULL,
  `fecha` datetime NOT NULL,
  `creador` int(11) NOT NULL,
  `likes` int(11) NOT NULL,
  `unlikes` int(11) NOT NULL,
  `estado` varchar(20) NOT NULL
) ENGINE=InnoDB DEFAULT CHARSET=utf8mb3 COLLATE=utf8mb3_general_ci;

--
-- Dumping data for table `temas`
--

INSERT INTO `temas` (`id`, `titulo`, `detalle`, `id_categoria`, `fecha`, `creador`, `likes`, `unlikes`, `estado`) VALUES
(1, 'TEMPERAR LA PISCINA', 'Quisieramos ver su punto de vista en este tema', 3, '2026-02-09 15:11:13', 0, 0, 0, '1'),
(2, 'Cambiar Proveedor de Seguridad', 'Después de lo acontecido queda claro que la seguridad con la compañía actual no es la óptima', 1, '2026-02-09 17:26:14', 58, 0, 0, '1'),
(4, 'Legislación sobre Mascotas', 'Me gustaría que se pueda discutir/revisar la legislación actual con respecto a las mascotas. He recibido mucho acoso por parte de la administración por molestias reportadas por los vecinos por temas injustos o que no aportan evidencia objetiva alguna al reclamo. Las cláusulas están muy abiertas y eso da pie a que algunas personas del condominio se aprovechen para realizar reclamos injustificados sabiendo inclusive que las mismas son dueñas de mascotas.', 0, '2026-02-09 17:43:25', 21, 0, 0, '3'),
(5, 'Cámaras de Seguridad condominio', 'A raíz de los eventos existe una limitante del factor humano para poder cubrir el área del condominio, cualquier empresa va requerir apoyo tecnológico para tal fin', 1, '2026-02-09 18:38:23', 53, 0, 0, '1'),
(6, 'Cancha multiuso en el Condominio', 'Hola! Se propone valorar una cancha multiuso en el Condominio para niños, jóvenes y adultos. No es que estrictamente debe cumplir con medidas de una cancha, sino un lugar de esparcimiento adicional al play que está más orientado a niños pequeños.\r\nPodría valorarse con el desarrollador espacio cerca de la caseta o al lado del área de perros.', 0, '2026-02-10 08:58:25', 61, 0, 0, '1'),
(8, 'Plan de Amenidades del Condominio', 'La seguridad es prioritaria, no obstante, debemos de buscar un equilibrio diseñando un plan que nos permita desarrollar y mantener un conjunto de amenidades que mejore la calidad de vida de los residentes y aumente el valor del mismo.', 0, '2026-02-10 09:13:18', 78, 0, 0, '1'),
(9, 'Revisión reglamento sobre el destino y uso salon multiuso', 'El reglamento actual solo permite el uso del salón multiuso mediante reservación y, además, lo regula exclusivamente para actividades planificadas como fiestas y reuniones sociales. Esto, en la práctica, no solo resulta inconveniente, sino que tampoco se cumple.\r\n\r\nPropongo revisar el reglamento vigente e incorporar una norma que contemple su uso casual, incluyendo a todos los miembros de la comunidad, en especial a los adolescentes, quienes necesitan cierto grado de libertad y actualmente carecen de un espacio seguro —en el sentido amplio de la palabra— dentro del condominio para reunirse, conversar, hacer tareas, entre otras actividades, sin requerir supervisión adulta.', 2, '2026-02-10 09:15:24', 49, 0, 0, '1'),
(10, 'Cuota Reserva Rancho', 'Revisar la cuota de alquiler del Rancho, 15.000 colones para el uso que se le da y el deterioro que se expone, a mi parecer es poco.', 2, '2026-02-10 09:17:50', 56, 0, 0, '1'),
(11, 'Revisión general del reglamento sobre mascotas', 'Se abre este espacio para una revisión general del reglamento de mascotas, con el objetivo de recibir comentarios y propuestas que permitan mayor claridad y mejor convivencia.\r\n\r\nEste foro no es para tratar casos particulares, sino para analizar el reglamento de forma general. Los aportes recibidos podrán ser valorados posteriormente con la Administración.\r\n\r\nLo que SÍ permite el reglamento:\r\n\r\n- Cada residencia puede tener máximo 2 mascotas domésticas.\r\n- Las mascotas no pueden causar molestias ni afectar la seguridad de otros vecinos.\r\n- Las mascotas deben permanecer dentro de la finca filial.\r\n- Pueden circular por zonas comunes solo si van con su dueño y con correa.\r\n\r\nEl dueño es responsable de:\r\n\r\n- Recoger las heces de su mascota.\r\n- Controlar el ruido (ladridos excesivos).\r\n\r\nLo que NO permite el reglamento:\r\n\r\nTener más de 2 mascotas.\r\nMascotas sueltas en zonas comunes.\r\nMascotas en: Piscina - Play ground', 0, '2026-02-10 11:35:24', 0, 0, 0, '1'),
(12, 'Cancha Multiuso', 'El año anterior en la asamblea anual se propuso el espacio de parque de perros pensando en proponer en esta asamblea al desarrollador que el lote que queda a la par del parque de perros que ahora es más difícil de vender se nos brinde o de a un precio mejor para poder construir la cancha multiuso.\r\nCreo que los niños son bastantes y pronto no solo ya no podrán jugar en el play sino que además se hacen adolescentes y necesitarían áreas para jugar fútbol, tenis, etc y esa cancha es un gran plus para el condominio.\r\nPor eso lo considero dentro de los puntos más importantes para llevar a esta asamblea', 5, '2026-02-10 13:06:07', 81, 0, 0, '1'),
(13, 'Seguridad Colectiva', 'Como hemos manifestado no existe un contrato formal, no existe un permiso de habilitación vigente por parte del monitor de seguridad para esta empresa, no existe un protocolo formal, no existe supervisión por parte de la empresa ni de la administración, tienen jovenes sin experiencia ni compromiso, recorridos insuficientes o mal realizados. La seguridad es para todos y no solo para los que viven en la calle principal o el rancho.', 1, '2026-02-10 16:17:22', 80, 0, 0, '1'),
(14, 'Desarrollo de un gimnasio', 'Tener un gimnasio dentro del condominio es importante porque promueve un estilo de vida saludable y activo sin necesidad de desplazarse, ahorrando tiempo y dinero a los residentes. Además, fomenta el bienestar físico y mental, fortalece la convivencia entre vecinos y aumenta el valor y atractivo del condominio para actuales y futuros propietarios.\r\n\r\nPara iniciar no se necesita que este full equipado, esto es algo que se puede ir trabajando poco a poco, incluso es un espacio que los adolescentes van a llegar a utilizar también, es una inversion alta, pero se pueden hacer cotizaciones y en definitiva da mas plusvalia al condominio.', 2, '2026-02-10 20:14:30', 70, 0, 0, '1'),
(15, 'Financiamiento para desarrollo de proyectos', 'Considero importante identificar opciones de financiamiento que permitan el desarrollo de los proyectos sin depender de cuotas extraordinarias y/o de incrementos en la mensualidad que hagan poco atractivas nuestras propiedades frente a otras en otros condominios.', 0, '2026-02-11 08:38:58', 49, 0, 0, '1'),
(16, 'Mantenimiento de zonas verdes de lotes sin construcción', 'Actualmente todos los lotes sin construcción, con la cuota de mantenimiento llevan un corte de zacate que entre todos pagamos.\r\n\r\nLa mayoría de lotes sin construcción pertenecen al desarrollados. El cual paga una fracción de la cuota condominal pero según el reglamento que el mismo genero a la hora de hacer el proyecto no lo esta cumpliendo.\r\n\r\nSegun reglamento debe pagar el corte del zacate.\r\n\r\nEsto es importante por que a la hora de negociar lotes para otros desarrollos el no es tan flexible.\r\n\r\nMe parece que si ahorita le quedan unos 45 lotes se le puede cobrar unos 10 mil por lote y con esto se pagan algunos proyectos que se buscan, sin las cuotas extraordinarias\r\n\r\nSegun reglamento pag 57, adjunto artículo.\r\n\r\nEl condominio no puede seguir bajo la politica de no cumplir el reglamento solo por que no he ha hecho hasta el momento.', 0, '2026-02-12 00:29:43', 53, 0, 0, '1'),
(17, 'Incumplimiento de construcción', 'La idea de vivir en un condominio a diferencia de un residencial es seguir lineamientos que lleven a la sana convivencia, mantener plusvalía de propiedades, etc.... de ahi sale el reglamento con normas y multas.\r\n\r\nSin embargo muchas de las casas actuales no respetan linderos, paleta de colores y cerramientos, etc, etc, etc....\r\n\r\nSin embargo esto no se cumple esta muy a la libre.... por ende si no le exige a algunos no se le puede exigir a nadie... pero como no es opcional se debería apegar al reglamento que para eso se hizo.\r\n\r\nEjemplo de la paleta que nos facilito Carlos Quesada administrador y que no ha velado por su cumplimiento por poner un ejemplo.', 0, '2026-02-12 00:49:36', 53, 0, 0, '1'),
(18, 'Propuesta de Área Social Multifuncional', 'Se propone el aprovechamiento de una parte de la zona verde del condominio para la construcción de un área social multifuncional tipo rancho, destinada exclusivamente al uso de los condóminos.\r\nEl espacio estará diseñado para fomentar la convivencia y el esparcimiento, permitiendo múltiples usos en un mismo lugar, tales como reuniones sociales, visualización de eventos deportivos y actividades recreativas (futbolín, dardos, juegos de mesa, entre otros).\r\nEsta iniciativa busca mejorar la calidad de vida, fortalecer la convivencia entre vecinos y aumentar el valor y atractivo del condominio, manteniendo siempre el equilibrio entre recreación, orden y sostenibilidad.', 2, '2026-02-13 16:03:11', 63, 0, 0, '1'),
(19, 'Ingreso no autorizado a propiedad privada', 'Recientemente, he notado que diversos proveedores contratados por la administración están ingresando a las fincas filiales (propiedad privada) sin previo aviso ni autorización de los dueños.\r\n\r\nEn mi caso particular, personal de mantenimiento ingresó a mi patio para podar un árbol y retirar una enredadera sin mi permiso. Más allá del daño a las plantas, esto representa una falla crítica de seguridad, especialmente tras el reciente robo reportado en la vivienda 70. No es aceptable que personas ajenas circulen libremente por nuestras casas bajo el pretexto de mantenimiento.\r\n\r\nComo medida de seguridad para toda la comunidad, propongo lo siguiente:\r\n\r\nNotificación previa: Que la administración informe con al menos 24 horas de antelación qué proveedor vendrá y a qué casas entrará.\r\n\r\nAutorización explícita: Que ningún proveedor ingrese a una finca filial sin el consentimiento del propietario.\r\n\r\nIdentificación de áreas: Recordar que los patios y jardines internos no son áreas comunes, por lo que deben tratarse con el mismo respeto que el interior de nuestras casas.', 1, '2026-02-13 20:10:44', 88, 0, 0, '1'),
(20, 'Crear un Comité de Actividades', 'Queremos abrir un Comité de Actividades con el objetivo de organizar diferentes actividades a lo largo del año para fortalecer la convivencia y crear más espacios de integración entre vecinos.\n\nLa idea es formar un grupo de personas que deseen aportar un poco de su tiempo, ideas y entusiasmo para planear actividades recreativas, culturales o familiares para nuestra comunidad.\n\nSi te interesa participar o aportar de alguna forma, por favor apúntate por acá dejando un comentario\n\nEn la próxima reunión podemos conversar más a fondo sobre cómo organizarlo y dar los primeros pasos.\n\n¡Entre todos podemos hacer cosas muy bonitas para la comunidad! ✨', 5, '2026-02-17 19:04:26', 0, 0, 0, '1'),
(21, 'División de horario en el rancho', 'Sugiero que hagamos lo mismo que la mayoría de los condominios, ya que solo tenemos los sábados disponibles para fiestas y los domingos no se pueden reservar.\r\nSe requieren dos turnos, como es habitual en todos los condominios: de 8:00 hasta 3pm  y de 4pm hasta 11pm. \r\nLa persona que realiza la reserva es responsable de la limpieza del local durante el primer y el segundo turno.\r\n\r\nSi no hay reservas para ambos turnos hasta con 15 días de antelación, se pone a disposición la jornada completa a quienes tengan reservas.\r\n\r\n\r\nHoy en día es prácticamente imposible hacer reserva en el rancho.\r\nY cada vez tenemos más y más casas.\r\nSe hace necesario qué sea justo a todos.\r\nY qué la cota de mantenimiento sea más alta, y qué sea solo para uso en mantenimiento del rancho.', 2, '2026-02-18 10:23:37', 37, 0, 0, '1'),
(22, 'Reserva financiera', 'Es necesario tener un fondo de reserva para nuestro condominio en la cuota mensual, ya que en emergencias como esta con las cámaras, mantenimiento, etc., el condominio necesita tener un saldo para cubrir parte o todos los gastos extras.\r\n\r\nQué sea un valor de 5000 por lote y casa, así logramos un aporte mensual y qué tengamos salud financiera para soluciones necesarias.', 0, '2026-02-18 10:29:58', 37, 0, 0, '1'),
(23, 'Hacia la próxima Asamblea: Reflexiones sobre la gestión y el futuro de Valle Verde', 'Hola vecinos,\r\n\r\nMe permito abrir este espacio con el fin de que podamos intercambiar impresiones de cara a la próxima Asamblea General.\r\n\r\nComo saben, nuestra administración actual lleva ya más de 5 años al frente del condominio. Si bien la continuidad puede dar estabilidad, también es sano, como en cualquier organización o empresa, evaluar si tras un periodo tan largo los procesos siguen siendo eficientes, si la comunicación es la adecuada y si el trato hacia nosotros, los condominos, es el que merecemos.\r\n\r\nRecientemente tuve una experiencia personal que me dejó preocupado, no solo por la resolución de un trámite técnico, sino por el tono y la forma en que la administración gestionó el desacuerdo. Esto me ha llevado a preguntarme si es momento de evaluar nuevas alternativas o si la gestión actual aún representa los intereses de la mayoría.\r\n\r\nSé que a veces existe el temor de que \"lo nuevo sea peor\", pero creo que como comunidad tenemos el derecho (y el deber) de analizar si existen opciones que nos ofrezcan:\r\n\r\nMayor transparencia y modernización de procesos.\r\n\r\nUn trato más profesional y menos confrontativo.\r\n\r\nUna renovación de energías en el mantenimiento de nuestras áreas comunes.\r\n\r\nMe gustaría conocer sus opiniones: ¿Sienten que la administración actual sigue cumpliendo sus expectativas? ¿Han tenido experiencias que consideren que debemos poner sobre la mesa en la próxima asamblea?\r\n\r\nMi intención no es generar división, sino que lleguemos a la asamblea con un criterio formado y sólido para decidir qué es lo mejor para la plusvalía de nuestras casas y nuestra convivencia.\r\n\r\nLos leo con respeto.', 0, '2026-02-20 13:52:42', 39, 0, 0, '1'),
(24, 'Cuidado de zonas Verdes', 'Nuestro condominio cuenta con muy limitados espacios de zona verde, que han sido reforestados en su mayoría por los propios vecinos (no por el personal de mantenimiento). \r\nEl cuidado de la vegetación es deficiente (los árboles sembrados no se abonan, ni se les da riego en verano), lo que ha requerido en muchas ocasiones que yo y mi familia lo hagamos por nuestros propios medios. \r\n\r\nAdemás, las chapeas de lotes se realizan sin cuidar de: recolección de basura/residuos que haya en el lote en cuestión, y más bien creando residuos adicionales al dejar “botados” los plásticos que utiliza la cortadora de zacate, que terminan en el caño y posteriormente en el río. \r\n\r\nHe enviado estas preocupaciones a la administración y no he visto acciones. \r\n\r\nPropuesta: incorporar estas expectativas en el contrato de servicios de mantenimiento/jardineria.', 0, '2026-02-20 14:44:40', 48, 0, 0, '1'),
(25, 'Adjuntar factura en los correos', 'Buenas tardes,\r\n\r\nMe parece seria bueno que el comite solicite a la administracion que adjunte la factura de los diferentes trabajos que se realizan en el condominio, como por ejemplo este ultimo mantenimiento que se le hizo al porton. Piendo que daria mas claridad de cuanto estamos gastando y quien esta haciendo los trabajos.\r\n\r\nGracias', 0, '2026-03-06 12:16:10', 99, 0, 0, '1');

-- --------------------------------------------------------

--
-- Table structure for table `temas_likes`
--

CREATE TABLE `temas_likes` (
  `id` int(11) NOT NULL,
  `id_tema` int(11) NOT NULL,
  `id_user` int(11) NOT NULL,
  `likes` int(11) NOT NULL
) ENGINE=InnoDB DEFAULT CHARSET=utf8mb3 COLLATE=utf8mb3_general_ci;

--
-- Dumping data for table `temas_likes`
--

INSERT INTO `temas_likes` (`id`, `id_tema`, `id_user`, `likes`) VALUES
(2, 3, 1, 1),
(3, 3, 23, 1),
(4, 4, 1, 1),
(5, 4, 0, 1),
(6, 3, 54, 1),
(7, 4, 54, 1),
(8, 5, 1, 1),
(9, 6, 1, 1),
(10, 5, 61, 1),
(11, 5, 34, 1),
(12, 5, 65, 1),
(13, 5, 67, 1),
(14, 5, 20, 1),
(15, 4, 20, 1),
(16, 9, 54, 1),
(17, 11, 54, 1),
(18, 27, 1, 1),
(19, 27, 22, 1),
(20, 25, 1, 1),
(21, 2, 21, 1),
(22, 8, 26, 1),
(23, 6, 26, 1),
(24, 2, 26, 1),
(25, 8, 46, 1),
(26, 5, 46, 1),
(27, 6, 46, 1),
(28, 2, 46, 1),
(29, 5, 82, 1),
(30, 8, 21, 1),
(31, 10, 1, 1),
(32, 6, 84, 1),
(33, 1, 63, 0),
(34, 11, 21, 1),
(35, 1, 56, 0),
(36, 2, 58, 1),
(37, 12, 61, 1),
(38, 2, 61, 1),
(39, 12, 42, 1),
(40, 5, 42, 1),
(41, 6, 42, 1),
(42, 6, 0, 1),
(43, 12, 0, 1),
(44, 5, 36, 1),
(45, 11, 70, 1),
(46, 8, 70, 1),
(47, 9, 70, 1),
(48, 14, 1, 1),
(49, 1, 43, 1),
(50, 8, 43, 1),
(51, 10, 43, 0),
(52, 11, 43, 0),
(53, 14, 43, 1),
(54, 13, 1, 1),
(55, 1, 1, 1),
(56, 14, 0, 1),
(57, 15, 1, 1),
(58, 14, 61, 1),
(59, 13, 61, 1),
(60, 15, 36, 1),
(61, 14, 53, 1),
(62, 16, 1, 1),
(63, 17, 1, 1),
(64, 17, 57, 1),
(65, 16, 57, 1),
(66, 17, 63, 1),
(67, 18, 1, 1),
(68, 18, 42, 1),
(69, 18, 78, 1),
(70, 16, 42, 1),
(71, 12, 78, 1),
(72, 14, 42, 1),
(73, 5, 78, 1),
(74, 1, 78, 1),
(75, 18, 79, 1),
(76, 16, 79, 1),
(77, 12, 79, 1),
(78, 1, 79, 1),
(79, 1, 88, 0),
(80, 2, 88, 1),
(81, 13, 88, 1),
(82, 19, 1, 1),
(83, 8, 89, 1),
(84, 6, 89, 1),
(85, 14, 89, 1),
(86, 14, 46, 1),
(87, 13, 46, 1),
(88, 12, 46, 1),
(89, 19, 90, 1),
(90, 16, 90, 1),
(91, 13, 90, 1),
(92, 12, 90, 1),
(93, 11, 90, 1),
(94, 10, 90, 1),
(95, 1, 90, 0),
(96, 20, 37, 1),
(97, 18, 37, 1),
(98, 17, 37, 0),
(99, 16, 37, 1),
(100, 15, 37, 1),
(101, 13, 37, 1),
(102, 10, 37, 1),
(103, 8, 37, 1),
(104, 5, 37, 1),
(105, 2, 37, 1),
(106, 1, 37, 1),
(107, 21, 0, 1),
(108, 18, 0, 1),
(109, 21, 37, 1),
(110, 17, 0, 1),
(111, 21, 79, 1),
(112, 21, 59, 0),
(113, 20, 59, 1),
(114, 6, 61, 1),
(115, 16, 59, 1),
(116, 22, 37, 1),
(117, 16, 61, 1),
(118, 21, 26, 1),
(119, 21, 70, 0),
(120, 18, 26, 1),
(122, 19, 61, 1),
(123, 21, 84, 0),
(124, 20, 61, 1),
(125, 14, 70, 1),
(126, 12, 26, 1),
(127, 21, 21, 0),
(128, 16, 26, 1),
(129, 14, 26, 1),
(130, 13, 26, 1),
(131, 16, 21, 1),
(132, 14, 21, 1),
(133, 21, 101, 0),
(134, 10, 101, 1),
(135, 21, 65, 1),
(136, 21, 103, 0),
(137, 18, 65, 1),
(138, 21, 102, 0),
(139, 14, 65, 1),
(140, 22, 55, 1),
(141, 18, 55, 1),
(142, 14, 55, 1),
(143, 21, 42, 1),
(144, 19, 42, 1),
(145, 21, 100, 0),
(146, 20, 100, 1),
(147, 19, 100, 1),
(148, 18, 100, 1),
(149, 14, 100, 1),
(150, 10, 100, 0),
(151, 8, 100, 1),
(152, 5, 100, 1),
(153, 2, 100, 1),
(154, 1, 100, 1),
(155, 12, 84, 1),
(156, 10, 84, 0),
(157, 18, 45, 1),
(158, 16, 45, 1),
(159, 14, 45, 1),
(160, 13, 45, 1),
(161, 19, 70, 1),
(162, 16, 70, 1),
(163, 17, 70, 1),
(164, 21, 85, 1),
(165, 14, 85, 1),
(166, 12, 85, 1),
(167, 20, 16, 1),
(168, 18, 16, 1),
(169, 14, 16, 1),
(170, 10, 16, 1),
(171, 8, 16, 1),
(172, 1, 16, 1),
(173, 23, 37, 1),
(174, 23, 88, 1),
(175, 20, 99, 1),
(176, 23, 86, 1),
(177, 18, 99, 0),
(178, 21, 86, 0),
(179, 19, 99, 1),
(180, 16, 99, 1),
(181, 14, 99, 1),
(182, 13, 99, 1),
(183, 23, 53, 1),
(184, 1, 99, 0),
(185, 24, 39, 1),
(186, 24, 46, 1),
(187, 23, 46, 1),
(188, 24, 16, 1),
(189, 23, 16, 1),
(190, 13, 53, 1),
(191, 11, 53, 0),
(192, 24, 86, 1),
(193, 21, 33, 0),
(194, 21, 99, 1),
(195, 23, 63, 1),
(196, 21, 63, 1);

-- --------------------------------------------------------

--
-- Table structure for table `temas_vistos`
--

CREATE TABLE `temas_vistos` (
  `id` int(11) NOT NULL,
  `id_tema` int(11) NOT NULL,
  `id_user` int(11) NOT NULL
) ENGINE=InnoDB DEFAULT CHARSET=utf8mb3 COLLATE=utf8mb3_general_ci;

--
-- Dumping data for table `temas_vistos`
--

INSERT INTO `temas_vistos` (`id`, `id_tema`, `id_user`) VALUES
(85, 1, 0),
(80, 1, 1),
(401, 1, 16),
(129, 1, 36),
(280, 1, 37),
(81, 1, 42),
(160, 1, 43),
(96, 1, 45),
(405, 1, 46),
(87, 1, 49),
(188, 1, 53),
(118, 1, 56),
(120, 1, 58),
(92, 1, 61),
(116, 1, 63),
(157, 1, 70),
(93, 1, 78),
(228, 1, 79),
(382, 1, 85),
(229, 1, 88),
(238, 1, 89),
(261, 1, 90),
(431, 1, 99),
(365, 1, 100),
(86, 2, 0),
(82, 2, 1),
(83, 2, 21),
(101, 2, 26),
(128, 2, 36),
(279, 2, 37),
(139, 2, 42),
(159, 2, 43),
(97, 2, 45),
(106, 2, 46),
(91, 2, 49),
(84, 2, 53),
(119, 2, 58),
(89, 2, 61),
(112, 2, 63),
(145, 2, 70),
(94, 2, 78),
(227, 2, 79),
(394, 2, 85),
(230, 2, 88),
(262, 2, 90),
(364, 2, 100),
(2, 3, 1),
(69, 3, 20),
(3, 3, 21),
(4, 3, 23),
(58, 3, 24),
(5, 3, 25),
(12, 3, 27),
(6, 3, 32),
(7, 3, 33),
(8, 3, 35),
(10, 3, 38),
(11, 3, 42),
(16, 3, 45),
(20, 3, 46),
(18, 3, 49),
(21, 3, 54),
(26, 3, 59),
(32, 3, 61),
(39, 3, 65),
(46, 3, 66),
(43, 3, 67),
(9, 4, 1),
(48, 4, 20),
(14, 4, 24),
(13, 4, 27),
(34, 4, 34),
(62, 4, 36),
(51, 4, 38),
(15, 4, 45),
(19, 4, 46),
(17, 4, 49),
(22, 4, 54),
(23, 4, 57),
(40, 4, 58),
(25, 4, 59),
(31, 4, 61),
(45, 4, 66),
(42, 4, 67),
(98, 5, 0),
(27, 5, 1),
(37, 5, 19),
(47, 5, 20),
(49, 5, 23),
(35, 5, 34),
(29, 5, 36),
(278, 5, 37),
(52, 5, 38),
(133, 5, 42),
(33, 5, 45),
(50, 5, 46),
(88, 5, 49),
(182, 5, 53),
(90, 5, 54),
(55, 5, 56),
(36, 5, 57),
(24, 5, 59),
(30, 5, 61),
(113, 5, 63),
(38, 5, 65),
(44, 5, 66),
(41, 5, 67),
(156, 5, 70),
(95, 5, 78),
(107, 5, 82),
(231, 5, 88),
(263, 5, 90),
(363, 5, 100),
(105, 6, 0),
(28, 6, 1),
(100, 6, 26),
(127, 6, 36),
(277, 6, 37),
(138, 6, 42),
(104, 6, 46),
(53, 6, 59),
(109, 6, 61),
(379, 6, 70),
(219, 6, 78),
(114, 6, 84),
(393, 6, 85),
(240, 6, 89),
(110, 7, 1),
(147, 7, 36),
(161, 7, 43),
(130, 7, 49),
(155, 7, 70),
(103, 8, 0),
(54, 8, 1),
(400, 8, 16),
(108, 8, 21),
(99, 8, 26),
(126, 8, 36),
(276, 8, 37),
(137, 8, 42),
(162, 8, 43),
(102, 8, 46),
(187, 8, 53),
(56, 8, 54),
(57, 8, 59),
(295, 8, 61),
(115, 8, 63),
(152, 8, 70),
(218, 8, 78),
(226, 8, 79),
(239, 8, 89),
(264, 8, 90),
(362, 8, 100),
(144, 9, 0),
(59, 9, 1),
(68, 9, 20),
(64, 9, 24),
(63, 9, 27),
(65, 9, 34),
(61, 9, 36),
(275, 9, 37),
(136, 9, 42),
(66, 9, 45),
(175, 9, 49),
(186, 9, 53),
(70, 9, 54),
(60, 9, 57),
(296, 9, 61),
(67, 9, 65),
(154, 9, 70),
(217, 9, 78),
(392, 9, 85),
(260, 9, 90),
(454, 9, 99),
(131, 10, 0),
(76, 10, 1),
(399, 10, 16),
(124, 10, 36),
(274, 10, 37),
(135, 10, 42),
(163, 10, 43),
(185, 10, 53),
(304, 10, 59),
(297, 10, 61),
(111, 10, 63),
(339, 10, 65),
(153, 10, 70),
(215, 10, 78),
(225, 10, 79),
(366, 10, 84),
(259, 10, 90),
(361, 10, 100),
(332, 10, 101),
(140, 11, 0),
(72, 11, 1),
(117, 11, 21),
(308, 11, 26),
(148, 11, 36),
(273, 11, 37),
(134, 11, 42),
(164, 11, 43),
(376, 11, 45),
(247, 11, 46),
(444, 11, 53),
(71, 11, 54),
(121, 11, 58),
(172, 11, 61),
(180, 11, 63),
(151, 11, 70),
(214, 11, 78),
(391, 11, 85),
(258, 11, 90),
(430, 11, 99),
(360, 11, 100),
(143, 12, 0),
(123, 12, 1),
(141, 12, 21),
(322, 12, 26),
(125, 12, 36),
(272, 12, 37),
(132, 12, 42),
(447, 12, 45),
(246, 12, 46),
(443, 12, 53),
(199, 12, 57),
(122, 12, 61),
(150, 12, 70),
(212, 12, 78),
(223, 12, 79),
(168, 12, 81),
(321, 12, 84),
(390, 12, 85),
(450, 12, 86),
(257, 12, 90),
(429, 12, 99),
(142, 13, 0),
(166, 13, 1),
(328, 13, 26),
(146, 13, 36),
(271, 13, 37),
(220, 13, 42),
(375, 13, 45),
(245, 13, 46),
(201, 13, 49),
(442, 13, 53),
(302, 13, 59),
(171, 13, 61),
(149, 13, 70),
(320, 13, 84),
(232, 13, 88),
(256, 13, 90),
(426, 13, 99),
(167, 14, 0),
(158, 14, 1),
(398, 14, 16),
(177, 14, 21),
(327, 14, 26),
(174, 14, 36),
(270, 14, 37),
(216, 14, 42),
(165, 14, 43),
(374, 14, 45),
(244, 14, 46),
(184, 14, 53),
(348, 14, 55),
(198, 14, 57),
(178, 14, 58),
(170, 14, 61),
(181, 14, 63),
(338, 14, 65),
(176, 14, 70),
(211, 14, 78),
(224, 14, 79),
(319, 14, 84),
(389, 14, 85),
(241, 14, 89),
(255, 14, 90),
(422, 14, 99),
(359, 14, 100),
(200, 15, 0),
(169, 15, 1),
(173, 15, 36),
(269, 15, 37),
(213, 15, 42),
(373, 15, 45),
(183, 15, 53),
(197, 15, 57),
(299, 15, 61),
(179, 15, 63),
(243, 15, 70),
(210, 15, 78),
(318, 15, 84),
(388, 15, 85),
(254, 15, 90),
(358, 15, 100),
(190, 16, 0),
(193, 16, 1),
(439, 16, 16),
(330, 16, 21),
(326, 16, 26),
(402, 16, 36),
(268, 16, 37),
(209, 16, 42),
(372, 16, 45),
(189, 16, 53),
(196, 16, 57),
(298, 16, 59),
(300, 16, 61),
(203, 16, 63),
(378, 16, 70),
(222, 16, 79),
(387, 16, 85),
(233, 16, 88),
(253, 16, 90),
(425, 16, 99),
(192, 17, 0),
(194, 17, 1),
(329, 17, 21),
(343, 17, 36),
(267, 17, 37),
(207, 17, 42),
(371, 17, 45),
(191, 17, 53),
(242, 17, 54),
(347, 17, 55),
(195, 17, 57),
(294, 17, 59),
(305, 17, 61),
(202, 17, 63),
(337, 17, 65),
(381, 17, 70),
(208, 17, 78),
(317, 17, 84),
(386, 17, 85),
(234, 17, 88),
(252, 17, 90),
(283, 18, 0),
(204, 18, 1),
(397, 18, 16),
(306, 18, 26),
(342, 18, 36),
(266, 18, 37),
(205, 18, 42),
(370, 18, 45),
(346, 18, 55),
(307, 18, 61),
(335, 18, 65),
(349, 18, 70),
(206, 18, 78),
(221, 18, 79),
(316, 18, 84),
(385, 18, 85),
(236, 18, 88),
(251, 18, 90),
(420, 18, 99),
(357, 18, 100),
(249, 19, 0),
(237, 19, 1),
(353, 19, 42),
(369, 19, 45),
(441, 19, 53),
(289, 19, 59),
(309, 19, 61),
(377, 19, 70),
(248, 19, 78),
(235, 19, 88),
(250, 19, 90),
(424, 19, 99),
(356, 19, 100),
(286, 20, 0),
(324, 20, 1),
(396, 20, 16),
(265, 20, 37),
(352, 20, 42),
(448, 20, 45),
(440, 20, 53),
(293, 20, 59),
(312, 20, 61),
(380, 20, 70),
(315, 20, 84),
(418, 20, 99),
(354, 20, 100),
(282, 21, 0),
(73, 21, 1),
(395, 21, 16),
(325, 21, 21),
(303, 21, 26),
(451, 21, 33),
(341, 21, 36),
(281, 21, 37),
(350, 21, 42),
(368, 21, 45),
(345, 21, 55),
(290, 21, 59),
(313, 21, 61),
(460, 21, 63),
(333, 21, 65),
(288, 21, 70),
(285, 21, 79),
(311, 21, 84),
(384, 21, 85),
(423, 21, 86),
(404, 21, 88),
(455, 21, 99),
(355, 21, 100),
(331, 21, 101),
(336, 21, 102),
(334, 21, 103),
(284, 22, 0),
(291, 22, 1),
(323, 22, 21),
(340, 22, 36),
(301, 22, 37),
(351, 22, 42),
(367, 22, 45),
(344, 22, 55),
(292, 22, 59),
(314, 22, 61),
(459, 22, 63),
(287, 22, 70),
(310, 22, 84),
(383, 22, 85),
(403, 22, 88),
(461, 22, 99),
(427, 23, 1),
(438, 23, 16),
(407, 23, 26),
(452, 23, 33),
(412, 23, 36),
(408, 23, 37),
(406, 23, 39),
(432, 23, 43),
(445, 23, 45),
(436, 23, 46),
(428, 23, 53),
(433, 23, 54),
(416, 23, 59),
(413, 23, 61),
(457, 23, 63),
(421, 23, 65),
(409, 23, 70),
(410, 23, 79),
(411, 23, 83),
(414, 23, 85),
(419, 23, 86),
(415, 23, 88),
(417, 23, 99),
(453, 24, 1),
(437, 24, 16),
(434, 24, 39),
(446, 24, 45),
(435, 24, 46),
(456, 24, 61),
(458, 24, 63),
(449, 24, 86),
(74, 25, 1),
(77, 26, 1),
(75, 27, 1),
(78, 27, 22),
(79, 29, 1);

-- --------------------------------------------------------

--
-- Table structure for table `usuarios`
--

CREATE TABLE `usuarios` (
  `id` int(11) NOT NULL,
  `nombre` varchar(1200) NOT NULL,
  `correo` varchar(100) NOT NULL,
  `filial` int(3) NOT NULL,
  `pass` varchar(200) NOT NULL,
  `rol` tinyint(1) NOT NULL COMMENT '1-regular, 2-Comision , 3 -Admin',
  `activo` tinyint(1) NOT NULL DEFAULT 1
) ENGINE=InnoDB DEFAULT CHARSET=utf8mb3 COLLATE=utf8mb3_general_ci;

--
-- Dumping data for table `usuarios`
--

INSERT INTO `usuarios` (`id`, `nombre`, `correo`, `filial`, `pass`, `rol`, `activo`) VALUES
(0, 'Comite Asesor', 'comite@gmail.com', 0, '4S6f6y69p4655656', 2, 1),
(1, 'Alexis Andrade', 'aandradevrb@gmail.com', 83, '6X6p6Xp0', 2, 1),
(16, 'Alejandra ', 'Aleaz05@gmail.com', 83, '4X6c656XpaS0S5', 1, 1),
(17, 'Rodrigo Muñoz ', 'rmunoz@covesacr.com', 132, 'p26yp56e6fpa', 2, 1),
(19, 'Rolando Guevara ', 'rguevaragia@gmail.com', 9, 'p26pp565p66Xp26X6p696X', 2, 1),
(20, 'Ana Castro ', 'ana_caso@hotmail.com', 35, '6X6e6X5f6S6XpS6f', 1, 1),
(21, 'Enzo Romero', 'enzo-romero@hotmail.com', 61, '656epa6f2yp26f6y65p26f', 1, 1),
(22, 'José Pablo Jiménez Sánchez', 'jospablojimenez@yahoo.com', 28, '6a6fpSp06X626c6f6a696y656e65pa', 1, 1),
(24, 'Luis Matamoros', 'luis.m.25@gmail.com', 117, '6cp569pS2e6y2eS2S5', 1, 1),
(25, 'Mauricio Alfaro Gallo', 'alfaro.mauricio@gmail.com', 94, '6X6c666Xp26f2e6y6Xp5p2696S696f', 1, 1),
(26, 'Steven', 'sherreraocr@gmail.com', 13, 'pS6865p2p265p26X6f6Sp2', 1, 1),
(28, 'Randall Rodríguez Brenes', 'rrodriguezb@bolsacr.com', 50, 'p2p26f64p2696pp565pa62', 1, 1),
(30, 'Miguel Saurez', 'msaurezlee@gmail.com', 101, '6ypS6Xp5p265pa6c6565', 1, 1),
(31, 'Alonso Pizarro', 'alopima17@gmail.com', 33, '6X6c6fp0696y6XSXSp', 1, 1),
(32, 'Denis Chaves Fienjan', 'dechalva@gmail.com', 15, '64656S686X6cp66X', 1, 1),
(33, 'Carolina Grant', 'carogrant@gmail.com', 9, '6S6Xp26f6pp26X6ep4', 1, 1),
(36, 'Kimberly Parajeles', 'kparajelesh@gmail.com', 98, '6bp06Xp26X6a656c65pS68', 1, 1),
(37, 'Elizabeth Labuto', 'Rhlabuto@gmail.com', 89, '52686c6X62p5p46f', 1, 1),
(38, 'Elizabeth Labuto', 'bethlabuto@gmail.com', 89, '6265p4686c6X62p5p46f', 1, 1),
(39, 'Michael Ballestero', 'mbgmike@gmail.com', 87, '6y626p6y696b65', 1, 1),
(40, 'Daniela Rodríguez ', 'drarodriguezj@gmail.com', 108, '64p26Xp26f64p2696pp565pa6a', 1, 1),
(41, 'Valeria Quirós Mora', 'haqui19@gmail.com', 28, '686XpXp569SXS9', 1, 1),
(42, 'María Laura Araoz', 'laliaraoz@gmail.com', 42, '6c6X6c696Xp26X6fpa', 1, 1),
(43, 'Azarias Arce Mata', 'azamarce@hotmail.com', 97, '6Xpa6X6y6Xp26S65', 1, 1),
(44, 'Victoria', 'victoria05vs@gmail.com', 87, 'p6696Sp46fp2696XS0S5p6pS', 1, 1),
(45, 'Roberta', 'r.alvarenga.ufla@gmail.com', 123, 'p22e6X6cp66Xp2656e6p6X2ep5666c6X', 1, 1),
(46, 'Ingrid Meza', 'inmeza@gmail.com', 88, '696e6y65pa6X', 1, 1),
(47, 'Sony María López Villegas ', 'sonylopez06@gmail.com', 43, 'pS6f6ep96c6fp065paS0S6', 1, 1),
(48, 'Gloriana Azofeifa ', 'azofeifagh@gmail.com', 105, '6Xpa6f666569666X6p68', 1, 1),
(49, 'Alejandro Muñoz', 'amunoz74@me.com', 110, '6X6yp56e6fpaSpS4', 1, 1),
(50, 'Alejandro Muñoz', 'amunoz74@me.com', 110, '6X6yp56e6fpaSpS4', 1, 1),
(51, 'Jeffrey Chaves Avalos ', 'chaves.jeffrey@gmail.com', 53, '6S686Xp665pS2e6a656666p265p9', 1, 1),
(52, 'Jeffrey Chaves Avalos ', 'chaves.jeffrey@gmail.com', 53, '6S686Xp665pS2e6a656666p265p9', 1, 1),
(53, 'Pablo Montero', 'monterojp@gmail.com', 16, '6y6f6ep465p26f6ap0', 1, 1),
(54, 'Manfred ', 'rofamabu@gmail.com', 106, 'p26f666X6y6X62p5', 1, 1),
(55, 'Karen', 'karenchavasegu13@gmail.com', 24, '6b6Xp2656e6S686Xp66XpS656pp5SXSS', 1, 1),
(56, 'Erick Flores Salazar', 'efsalazar8117@gmail.com', 38, '6566pS6X6c6Xpa6Xp2S8SXSXSp', 1, 1),
(57, 'Kimberly Setoguchi Sanchez', 'kseto86@gmail.com', 16, '6bpS65p46fS8S6', 2, 1),
(58, 'Arturo Ramírez Castro', 'Arturo.arc15@outlook.com', 95, '4Xp2p4p5p26f2e6Xp26SSXS5', 1, 1),
(59, 'Karol', 'valverde.karol@gmail.com', 48, 'p66X6cp665p264652e6b6Xp26f6c', 2, 1),
(60, 'Sabrina Carrillo ', 'sabriicc@hotmail.com', 91, 'pS6X62p269696S6S', 1, 1),
(61, 'Indira Calvo Gould', 'calvogould@gmail.com', 101, '6S6X6cp66f6p6fp56c64', 1, 1),
(62, 'Ligia Vargas', 'ligvamo@gmail.com', 36, '6c696pp66X6y6f', 1, 1),
(63, 'Jorge Vallecillo P.', 'jvallecillo@ice.go.cr', 24, '6ap66X6c6c656S696c6c6f', 1, 1),
(64, 'Rolando Guevara ', 'rguevaragia@gmail.com', 9, 'p26pp565p66Xp26X6p696X', 1, 1),
(65, 'Dayan Romero ', 'dayanjrs07@gmail.com', 90, '646Xp96X6e6ap2pSS0Sp', 1, 1),
(66, 'Gabriel Calvo', 'gabo.cc.06@gmail.com', 35, '6p6X626f2e6S6S2eS0S6', 1, 1),
(67, 'Noelia Carrillo', 'nohe799@gmail.com', 39, '6e6f6865SpS9S9', 1, 1),
(70, 'Mario', 'mario.gazel92@gmail.com', 91, '6y6Xp2696f2e6p6Xpa656cS9S2', 1, 1),
(71, 'Ana ', 'ana_caso@hotmail.com', 35, '6X6e6X5f6S6XpS6f', 1, 1),
(72, 'Ana ', 'ana_caso@hotmail.com', 35, '6X6e6X5f6S6XpS6f', 1, 1),
(74, 'Arturo', 'Arturo.arc15@outlook.com', 95, '4Xp2p4p5p26f2e6Xp26SSXS5', 1, 1),
(75, 'Kathya Vindas', 'doctoravindas8210@gmail.com', 110, '646f6Sp46fp26Xp6696e646XpSS8S2SXS0', 1, 1),
(76, 'Alejandro Muñoz', 'amunoz74@me.com', 110, '6X6yp56e6fpaSpS4', 1, 1),
(77, 'Alejandro Solano', 'alesoque@gmail.com', 68, '6X6c65pS6fpXp565', 1, 1),
(78, 'Alonzo Pizarro', 'Alonso_pizarro_madrigal@cargill.com', 31, '4S6X6y696c6XSSSX', 1, 1),
(79, 'Norma Segura', 'norsegura89@hotmail.com', 68, '6e6fp2pS656pp5p26XS8S9', 1, 1),
(80, 'Yendry Pazos', 'yps1985@gmail.com', 70, 'p9p0pSSXS9S8S5', 1, 1),
(81, 'Andrea Monge', 'andrea.monge.sanabria@gmail.com', 111, '4X6y6f6e6p65SXSXSX', 1, 1),
(82, 'Martha', 'Marber0609@gmail.com', 25, '4y6Xp26265p2S0S6S0S9', 1, 1),
(83, 'Adriana', 'agree10@gmail.com', 117, '6X6pp26565SXS0', 1, 1),
(84, 'Maribel', 'maribzamora@gmail.com', 65, '6y6Xp26962pa6X6y6fp26X', 1, 1),
(85, 'Diana', 'diaaa1502@gmail.com', 63, '64696X6X6XSXS5S0S2', 1, 1),
(86, 'Nicole Vega', 'Nicolevega2304@gmail.com', 52, '4e696S6f6c65p6656p6XS2SSS0S4', 1, 1),
(87, 'Jessica Bonilla', 'jmbonillamora@gmail.com', 114, '6a6y626f6e696c6c6X6y6fp26X', 1, 1),
(88, 'Jonathan', 'jarceumana@gmail.com', 71, '6a6Xp26S65p56y6X6e6X', 1, 1),
(89, 'German', 'german.lavisa.villalobos@gmail.com', 107, '4p65p26y6X6e56SXS0Sp', 1, 1),
(90, 'Nohelia', 'Nohe799@gmail.com', 39, '4e6f6865SpS9S9', 1, 1),
(91, 'Jordan', 'Javilacr@gmail.com', 39, '4a6Xp6696c6X6Sp2', 1, 1),
(99, 'UnknowUser', '', 0, '', 1, 1),
(100, 'Marcela', 'vala.marce.24@gmail.com', 103, 'p66X6c6X2e6y6Xp26S652eS2S4', 1, 1),
(101, 'Santiago', 'satoan12@hotmail.com', 45, 'pS6Xp46f6X6eSXS2', 1, 1),
(102, 'Stephanie', 'swashingtona@hotmail.com', 45, 'pSpp6XpS68696e6pp46f6e6X', 1, 1),
(103, 'Elias', 'jevas12@gmail.com', 48, '6a65p66XpSSXS2', 1, 1),
(104, 'Sony Lopez', 'sonylopez06@gmail.com', 43, 'pS6f6ep96c6fp065paS0S6', 1, 1),
(105, 'Carolina Grant', 'carogrant@gmail.com', 9, '6S6Xp26f6pp26X6ep4', 1, 1),
(106, 'Oscar', 'ogcmmd@me.com', 1, '6f6p6S6y6y64', 1, 1),
(107, 'Alejandra Boza', 'aleboza18@gmail.com', 4, '6X6c65626fpa6XSXS8', 1, 1),
(108, 'Rodrigo Muñoz', 'rodrigo@gmail.com', 133, '4S6f6y69p4655656', 2, 1);

--
-- Indexes for dumped tables
--

--
-- Indexes for table `adjuntos`
--
ALTER TABLE `adjuntos`
  ADD PRIMARY KEY (`id`),
  ADD KEY `idx_entidad` (`tipo_entidad`,`entidad_id`),
  ADD KEY `idx_estado` (`estado`);

--
-- Indexes for table `adjuntos_servicios`
--
ALTER TABLE `adjuntos_servicios`
  ADD PRIMARY KEY (`id`),
  ADD KEY `idx_entidad` (`tipo_entidad`,`entidad_id`),
  ADD KEY `idx_estado` (`estado`);

--
-- Indexes for table `categorias`
--
ALTER TABLE `categorias`
  ADD PRIMARY KEY (`id`);

--
-- Indexes for table `categorias_servicios`
--
ALTER TABLE `categorias_servicios`
  ADD PRIMARY KEY (`id`);

--
-- Indexes for table `encuesta`
--
ALTER TABLE `encuesta`
  ADD PRIMARY KEY (`id`);

--
-- Indexes for table `logs`
--
ALTER TABLE `logs`
  ADD PRIMARY KEY (`id`);

--
-- Indexes for table `respuestas`
--
ALTER TABLE `respuestas`
  ADD PRIMARY KEY (`id`);

--
-- Indexes for table `respuestas_encuesta`
--
ALTER TABLE `respuestas_encuesta`
  ADD PRIMARY KEY (`id`);

--
-- Indexes for table `respuestas_likes`
--
ALTER TABLE `respuestas_likes`
  ADD PRIMARY KEY (`id`),
  ADD UNIQUE KEY `control` (`id_respuesta`,`id_user`);

--
-- Indexes for table `servicios`
--
ALTER TABLE `servicios`
  ADD PRIMARY KEY (`id`);

--
-- Indexes for table `servicios_respuestas`
--
ALTER TABLE `servicios_respuestas`
  ADD PRIMARY KEY (`id`);

--
-- Indexes for table `telegram`
--
ALTER TABLE `telegram`
  ADD PRIMARY KEY (`id`),
  ADD UNIQUE KEY `control` (`phone_id`,`filial`) USING BTREE;

--
-- Indexes for table `temas`
--
ALTER TABLE `temas`
  ADD PRIMARY KEY (`id`);

--
-- Indexes for table `temas_likes`
--
ALTER TABLE `temas_likes`
  ADD PRIMARY KEY (`id`),
  ADD UNIQUE KEY `control` (`id_tema`,`id_user`);

--
-- Indexes for table `temas_vistos`
--
ALTER TABLE `temas_vistos`
  ADD PRIMARY KEY (`id`),
  ADD UNIQUE KEY `control` (`id_tema`,`id_user`);

--
-- Indexes for table `usuarios`
--
ALTER TABLE `usuarios`
  ADD PRIMARY KEY (`id`);

--
-- AUTO_INCREMENT for dumped tables
--

--
-- AUTO_INCREMENT for table `adjuntos`
--
ALTER TABLE `adjuntos`
  MODIFY `id` int(11) NOT NULL AUTO_INCREMENT, AUTO_INCREMENT=60;

--
-- AUTO_INCREMENT for table `adjuntos_servicios`
--
ALTER TABLE `adjuntos_servicios`
  MODIFY `id` int(11) NOT NULL AUTO_INCREMENT;

--
-- AUTO_INCREMENT for table `categorias`
--
ALTER TABLE `categorias`
  MODIFY `id` int(11) NOT NULL AUTO_INCREMENT, AUTO_INCREMENT=8;

--
-- AUTO_INCREMENT for table `categorias_servicios`
--
ALTER TABLE `categorias_servicios`
  MODIFY `id` int(11) NOT NULL AUTO_INCREMENT, AUTO_INCREMENT=12;

--
-- AUTO_INCREMENT for table `encuesta`
--
ALTER TABLE `encuesta`
  MODIFY `id` int(11) NOT NULL AUTO_INCREMENT, AUTO_INCREMENT=3;

--
-- AUTO_INCREMENT for table `logs`
--
ALTER TABLE `logs`
  MODIFY `id` int(11) NOT NULL AUTO_INCREMENT, AUTO_INCREMENT=919;

--
-- AUTO_INCREMENT for table `respuestas`
--
ALTER TABLE `respuestas`
  MODIFY `id` int(11) NOT NULL AUTO_INCREMENT, AUTO_INCREMENT=65;

--
-- AUTO_INCREMENT for table `respuestas_encuesta`
--
ALTER TABLE `respuestas_encuesta`
  MODIFY `id` int(11) NOT NULL AUTO_INCREMENT, AUTO_INCREMENT=58;

--
-- AUTO_INCREMENT for table `respuestas_likes`
--
ALTER TABLE `respuestas_likes`
  MODIFY `id` int(11) NOT NULL AUTO_INCREMENT, AUTO_INCREMENT=123;

--
-- AUTO_INCREMENT for table `servicios`
--
ALTER TABLE `servicios`
  MODIFY `id` int(11) NOT NULL AUTO_INCREMENT, AUTO_INCREMENT=7;

--
-- AUTO_INCREMENT for table `servicios_respuestas`
--
ALTER TABLE `servicios_respuestas`
  MODIFY `id` int(11) NOT NULL AUTO_INCREMENT, AUTO_INCREMENT=49;

--
-- AUTO_INCREMENT for table `telegram`
--
ALTER TABLE `telegram`
  MODIFY `id` int(11) NOT NULL AUTO_INCREMENT, AUTO_INCREMENT=10;

--
-- AUTO_INCREMENT for table `temas`
--
ALTER TABLE `temas`
  MODIFY `id` int(11) NOT NULL AUTO_INCREMENT, AUTO_INCREMENT=26;

--
-- AUTO_INCREMENT for table `temas_likes`
--
ALTER TABLE `temas_likes`
  MODIFY `id` int(11) NOT NULL AUTO_INCREMENT, AUTO_INCREMENT=197;

--
-- AUTO_INCREMENT for table `temas_vistos`
--
ALTER TABLE `temas_vistos`
  MODIFY `id` int(11) NOT NULL AUTO_INCREMENT, AUTO_INCREMENT=462;

--
-- AUTO_INCREMENT for table `usuarios`
--
ALTER TABLE `usuarios`
  MODIFY `id` int(11) NOT NULL AUTO_INCREMENT, AUTO_INCREMENT=109;
COMMIT;

/*!40101 SET CHARACTER_SET_CLIENT=@OLD_CHARACTER_SET_CLIENT */;
/*!40101 SET CHARACTER_SET_RESULTS=@OLD_CHARACTER_SET_RESULTS */;
/*!40101 SET COLLATION_CONNECTION=@OLD_COLLATION_CONNECTION */;
